date,r_ytd,sd_ytd,r_3m,sd_3m,r_6m,sd_6m,r_1y,sd_1y,r_2y,sd_2y,r_3y,sd_3y,r_4y,sd_4y,r_5y,sd_5y
2020-05-06,,,,,,,,,,,,,,,,
2020-05-05,,,,,,,,,,,,,,,,
2020-05-04,,,,,,,,,,,,,,,,
2020-05-01,,,,,,,,,,,,,,,,
2020-04-30,,,,,,,,,,,,,,,,
2020-04-29,,,,,,,,,,,,,,,,
2020-04-28,,,,,,,,,,,,,,,,
2020-04-27,,,,,,,,,,,,,,,,
2020-04-24,,,,,,,,,,,,,,,,
2020-04-23,,,,,,,,,,,,,,,,
2020-04-22,,,,,,,,,,,,,,,,
2020-04-21,,,,,,,,,,,,,,,,
2020-04-20,,,,,,,,,,,,,,,,
2020-04-17,,,,,,,,,,,,,,,,
2020-04-16,,,,,,,,,,,,,,,,
2020-04-15,,,,,,,,,,,,,,,,
2020-04-14,,,,,,,,,,,,,,,,
2020-04-13,,,,,,,,,,,,,,,,
2020-04-10,,,,,,,,,,,,,,,,
2020-04-09,,,,,,,,,,,,,,,,
2020-04-08,,,,,,,,,,,,,,,,
2020-04-07,,,,,,,,,,,,,,,,
2020-04-06,,,,,,,,,,,,,,,,
2020-04-03,,,,,,,,,,,,,,,,
2020-04-02,,,,,,,,,,,,,,,,
2020-04-01,,,,,,,,,,,,,,,,
2020-03-31,,,,,,,,,,,,,,,,
2020-03-30,,,,,,,,,,,,,,,,
2020-03-27,,,,,,,,,,,,,,,,
2020-03-26,,,,,,,,,,,,,,,,
2020-03-25,,,,,,,,,,,,,,,,
2020-03-24,,,,,,,,,,,,,,,,
2020-03-23,,,,,,,,,,,,,,,,
2020-03-20,,,,,,,,,,,,,,,,
2020-03-19,,,,,,,,,,,,,,,,
2020-03-18,,,,,,,,,,,,,,,,
2020-03-17,,,,,,,,,,,,,,,,
2020-03-16,,,,,,,,,,,,,,,,
2020-03-13,,,,,,,,,,,,,,,,
2020-03-12,,,,,,,,,,,,,,,,
2020-03-11,,,,,,,,,,,,,,,,
2020-03-10,,,,,,,,,,,,,,,,
2020-03-09,,,,,,,,,,,,,,,,
2020-03-06,,,,,,,,,,,,,,,,
2020-03-05,,,,,,,,,,,,,,,,
2020-03-04,,,,,,,,,,,,,,,,
2020-03-03,,,,,,,,,,,,,,,,
2020-03-02,,,,,,,,,,,,,,,,
2020-02-28,,,,,,,,,,,,,,,,
2020-02-27,,,,,,,,,,,,,,,,
2020-02-26,,,,,,,,,,,,,,,,
2020-02-25,,,,,,,,,,,,,,,,
2020-02-24,,,,,,,,,,,,,,,,
2020-02-21,,,,,,,,,,,,,,,,
2020-02-20,,,,,,,,,,,,,,,,
2020-02-19,,,,,,,,,,,,,,,,
2020-02-18,,,,,,,,,,,,,,,,
2020-02-17,,,,,,,,,,,,,,,,
2020-02-14,,,,,,,,,,,,,,,,
2020-02-13,,,,,,,,,,,,,,,,
2020-02-12,,,,,,,,,,,,,,,,
2020-02-11,,,,,,,,,,,,,,,,
2020-02-10,,,,,,,,,,,,,,,,
2020-02-07,,,,,,,,,,,,,,,,
2020-02-06,,,,,,,,,,,,,,,,
2020-02-05,,,,,,,,,,,,,,,,
2020-02-04,,,,,,,,,,,,,,,,
2020-02-03,,,,,,,,,,,,,,,,
2020-01-31,,,,,,,,,,,,,,,,
2020-01-30,,,,,,,,,,,,,,,,
2020-01-29,,,,,,,,,,,,,,,,
2020-01-28,,,,,,,,,,,,,,,,
2020-01-27,,,,,,,,,,,,,,,,
2020-01-24,,,,,,,,,,,,,,,,
2020-01-23,,,,,,,,,,,,,,,,
2020-01-22,,,,,,,,,,,,,,,,
2020-01-21,,,,,,,,,,,,,,,,
2020-01-20,,,,,,,,,,,,,,,,
2020-01-17,,,,,,,,,,,,,,,,
2020-01-16,,,,,,,,,,,,,,,,
2020-01-15,,,,,,,,,,,,,,,,
2020-01-14,,,,,,,,,,,,,,,,
2020-01-13,,,,,,,,,,,,,,,,
2020-01-10,,,,,,,,,,,,,,,,
2020-01-09,,,,,,,,,,,,,,,,
2020-01-08,,,,,,,,,,,,,,,,
2020-01-07,,,,,,,,,,,,,,,,
2020-01-06,,,,,,,,,,,,,,,,
2020-01-03,,,,,,,,,,,,,,,,
2020-01-02,,,,,,,,,,,,,,,,
2020-01-01,,,,,,,,,,,,,,,,
2019-12-31,,,,,,,,,,,,,,,,
2019-12-30,,,,,,,,,,,,,,,,
2019-12-27,,,,,,,,,,,,,,,,
2019-12-26,,,,,,,,,,,,,,,,
2019-12-25,,,,,,,,,,,,,,,,
2019-12-24,,,,,,,,,,,,,,,,
2019-12-23,,,,,,,,,,,,,,,,
2019-12-20,,,,,,,,,,,,,,,,
2019-12-19,,,,,,,,,,,,,,,,
2019-12-18,,,,,,,,,,,,,,,,
2019-12-17,,,,,,,,,,,,,,,,
2019-12-16,,,,,,,,,,,,,,,,
2019-12-13,,,,,,,,,,,,,,,,
2019-12-12,,,,,,,,,,,,,,,,
2019-12-11,,,,,,,,,,,,,,,,
2019-12-10,,,,,,,,,,,,,,,,
2019-12-09,,,,,,,,,,,,,,,,
2019-12-06,,,,,,,,,,,,,,,,
2019-12-05,,,,,,,,,,,,,,,,
2019-12-04,,,,,,,,,,,,,,,,
2019-12-03,,,,,,,,,,,,,,,,
2019-12-02,,,,,,,,,,,,,,,,
2019-11-29,,,,,,,,,,,,,,,,
2019-11-28,,,,,,,,,,,,,,,,
2019-11-27,,,,,,,,,,,,,,,,
2019-11-26,,,,,,,,,,,,,,,,
2019-11-25,,,,,,,,,,,,,,,,
2019-11-22,,,,,,,,,,,,,,,,
2019-11-21,,,,,,,,,,,,,,,,
2019-11-20,,,,,,,,,,,,,,,,
2019-11-19,,,,,,,,,,,,,,,,
2019-11-18,,,,,,,,,,,,,,,,
2019-11-15,,,,,,,,,,,,,,,,
2019-11-14,,,,,,,,,,,,,,,,
2019-11-13,,,,,,,,,,,,,,,,
2019-11-12,,,,,,,,,,,,,,,,
2019-11-11,,,,,,,,,,,,,,,,
2019-11-08,,,,,,,,,,,,,,,,
2019-11-07,,,,,,,,,,,,,,,,
2019-11-06,,,,,,,,,,,,,,,,
2019-11-05,,,,,,,,,,,,,,,,
2019-11-04,,,,,,,,,,,,,,,,
2019-11-01,,,,,,,,,,,,,,,,
2019-10-31,,,,,,,,,,,,,,,,
2019-10-30,,,,,,,,,,,,,,,,
2019-10-29,,,,,,,,,,,,,,,,
2019-10-28,,,,,,,,,,,,,,,,
2019-10-25,,,,,,,,,,,,,,,,
2019-10-24,,,,,,,,,,,,,,,,
2019-10-23,,,,,,,,,,,,,,,,
2019-10-22,,,,,,,,,,,,,,,,
2019-10-21,,,,,,,,,,,,,,,,
2019-10-18,,,,,,,,,,,,,,,,
2019-10-17,,,,,,,,,,,,,,,,
2019-10-16,,,,,,,,,,,,,,,,
2019-10-15,,,,,,,,,,,,,,,,
2019-10-14,,,,,,,,,,,,,,,,
2019-10-11,,,,,,,,,,,,,,,,
2019-10-10,,,,,,,,,,,,,,,,
2019-10-09,,,,,,,,,,,,,,,,
2019-10-08,,,,,,,,,,,,,,,,
2019-10-07,,,,,,,,,,,,,,,,
2019-10-04,,,,,,,,,,,,,,,,
2019-10-03,,,,,,,,,,,,,,,,
2019-10-02,,,,,,,,,,,,,,,,
2019-10-01,,,,,,,,,,,,,,,,
2019-09-30,,,,,,,,,,,,,,,,
2019-09-27,,,,,,,,,,,,,,,,
2019-09-26,,,,,,,,,,,,,,,,
2019-09-25,,,,,,,,,,,,,,,,
2019-09-24,,,,,,,,,,,,,,,,
2019-09-23,,,,,,,,,,,,,,,,
2019-09-20,,,,,,,,,,,,,,,,
2019-09-19,,,,,,,,,,,,,,,,
2019-09-18,,,,,,,,,,,,,,,,
2019-09-17,,,,,,,,,,,,,,,,
2019-09-16,,,,,,,,,,,,,,,,
2019-09-13,,,,,,,,,,,,,,,,
2019-09-12,,,,,,,,,,,,,,,,
2019-09-11,,,,,,,,,,,,,,,,
2019-09-10,,,,,,,,,,,,,,,,
2019-09-09,,,,,,,,,,,,,,,,
2019-09-06,,,,,,,,,,,,,,,,
2019-09-05,,,,,,,,,,,,,,,,
2019-09-04,,,,,,,,,,,,,,,,
2019-09-03,,,,,,,,,,,,,,,,
2019-09-02,,,,,,,,,,,,,,,,
2019-08-30,,,,,,,,,,,,,,,,
2019-08-29,,,,,,,,,,,,,,,,
2019-08-28,,,,,,,,,,,,,,,,
2019-08-27,,,,,,,,,,,,,,,,
2019-08-26,,,,,,,,,,,,,,,,
2019-08-23,,,,,,,,,,,,,,,,
2019-08-22,,,,,,,,,,,,,,,,
2019-08-21,,,,,,,,,,,,,,,,
2019-08-20,,,,,,,,,,,,,,,,
2019-08-19,,,,,,,,,,,,,,,,
2019-08-16,,,,,,,,,,,,,,,,
2019-08-15,,,,,,,,,,,,,,,,
2019-08-14,,,,,,,,,,,,,,,,
2019-08-13,,,,,,,,,,,,,,,,
2019-08-12,,,,,,,,,,,,,,,,
2019-08-09,,,,,,,,,,,,,,,,
2019-08-08,,,,,,,,,,,,,,,,
2019-08-07,,,,,,,,,,,,,,,,
2019-08-06,,,,,,,,,,,,,,,,
2019-08-05,,,,,,,,,,,,,,,,
2019-08-02,,,,,,,,,,,,,,,,
2019-08-01,,,,,,,,,,,,,,,,
2019-07-31,,,,,,,,,,,,,,,,
2019-07-30,,,,,,,,,,,,,,,,
2019-07-29,,,,,,,,,,,,,,,,
2019-07-26,,,,,,,,,,,,,,,,
2019-07-25,,,,,,,,,,,,,,,,
2019-07-24,,,,,,,,,,,,,,,,
2019-07-23,,,,,,,,,,,,,,,,
2019-07-22,,,,,,,,,,,,,,,,
2019-07-19,,,,,,,,,,,,,,,,
2019-07-18,,,,,,,,,,,,,,,,
2019-07-17,,,,,,,,,,,,,,,,
2019-07-16,,,,,,,,,,,,,,,,
2019-07-15,,,,,,,,,,,,,,,,
2019-07-12,,,,,,,,,,,,,,,,
2019-07-11,,,,,,,,,,,,,,,,
2019-07-10,,,,,,,,,,,,,,,,
2019-07-09,,,,,,,,,,,,,,,,
2019-07-08,,,,,,,,,,,,,,,,
2019-07-05,,,,,,,,,,,,,,,,
2019-07-04,,,,,,,,,,,,,,,,
2019-07-03,,,,,,,,,,,,,,,,
2019-07-02,,,,,,,,,,,,,,,,
2019-07-01,,,,,,,,,,,,,,,,
2019-06-28,,,,,,,,,,,,,,,,
2019-06-27,,,,,,,,,,,,,,,,
2019-06-26,,,,,,,,,,,,,,,,
2019-06-25,,,,,,,,,,,,,,,,
2019-06-24,,,,,,,,,,,,,,,,
2019-06-21,,,,,,,,,,,,,,,,
2019-06-20,,,,,,,,,,,,,,,,
2019-06-19,,,,,,,,,,,,,,,,
2019-06-18,,,,,,,,,,,,,,,,
2019-06-17,,,,,,,,,,,,,,,,
2019-06-14,,,,,,,,,,,,,,,,
2019-06-13,,,,,,,,,,,,,,,,
2019-06-12,,,,,,,,,,,,,,,,
2019-06-11,,,,,,,,,,,,,,,,
2019-06-10,,,,,,,,,,,,,,,,
2019-06-07,,,,,,,,,,,,,,,,
2019-06-06,,,,,,,,,,,,,,,,
2019-06-05,,,,,,,,,,,,,,,,
2019-06-04,,,,,,,,,,,,,,,,
2019-06-03,,,,,,,,,,,,,,,,
2019-05-31,,,,,,,,,,,,,,,,
2019-05-30,,,,,,,,,,,,,,,,
2019-05-29,,,,,,,,,,,,,,,,
2019-05-28,,,,,,,,,,,,,,,,
2019-05-27,,,,,,,,,,,,,,,,
2019-05-24,,,,,,,,,,,,,,,,
2019-05-23,,,,,,,,,,,,,,,,
2019-05-22,,,,,,,,,,,,,,,,
2019-05-21,,,,,,,,,,,,,,,,
2019-05-20,,,,,,,,,,,,,,,,
2019-05-17,,,,,,,,,,,,,,,,
2019-05-16,,,,,,,,,,,,,,,,
2019-05-15,,,,,,,,,,,,,,,,
2019-05-14,,,,,,,,,,,,,,,,
2019-05-13,,,,,,,,,,,,,,,,
2019-05-10,,,,,,,,,,,,,,,,
2019-05-09,,,,,,,,,,,,,,,,
2019-05-08,,,,,,,,,,,,,,,,
2019-05-07,,,,,,,,,,,,,,,,
2019-05-06,,,,,,,,,,,,,,,,
2019-05-03,,,,,,,,,,,,,,,,
2019-05-02,,,,,,,,,,,,,,,,
2019-05-01,,,,,,,,,,,,,,,,
2019-04-30,,,,,,,,,,,,,,,,
2019-04-29,,,,,,,,,,,,,,,,
2019-04-26,,,,,,,,,,,,,,,,
2019-04-25,,,,,,,,,,,,,,,,
2019-04-24,,,,,,,,,,,,,,,,
2019-04-23,,,,,,,,,,,,,,,,
2019-04-22,,,,,,,,,,,,,,,,
2019-04-19,,,,,,,,,,,,,,,,
2019-04-18,,,,,,,,,,,,,,,,
2019-04-17,,,,,,,,,,,,,,,,
2019-04-16,,,,,,,,,,,,,,,,
2019-04-15,,,,,,,,,,,,,,,,
2019-04-12,,,,,,,,,,,,,,,,
2019-04-11,,,,,,,,,,,,,,,,
2019-04-10,,,,,,,,,,,,,,,,
2019-04-09,,,,,,,,,,,,,,,,
2019-04-08,,,,,,,,,,,,,,,,
2019-04-05,,,,,,,,,,,,,,,,
2019-04-04,,,,,,,,,,,,,,,,
2019-04-03,,,,,,,,,,,,,,,,
2019-04-02,,,,,,,,,,,,,,,,
2019-04-01,,,,,,,,,,,,,,,,
2019-03-29,,,,,,,,,,,,,,,,
2019-03-28,,,,,,,,,,,,,,,,
2019-03-27,,,,,,,,,,,,,,,,
2019-03-26,,,,,,,,,,,,,,,,
2019-03-25,,,,,,,,,,,,,,,,
2019-03-22,,,,,,,,,,,,,,,,
2019-03-21,,,,,,,,,,,,,,,,
2019-03-20,,,,,,,,,,,,,,,,
2019-03-19,,,,,,,,,,,,,,,,
2019-03-18,,,,,,,,,,,,,,,,
2019-03-15,,,,,,,,,,,,,,,,
2019-03-14,,,,,,,,,,,,,,,,
2019-03-13,,,,,,,,,,,,,,,,
2019-03-12,,,,,,,,,,,,,,,,
2019-03-11,,,,,,,,,,,,,,,,
2019-03-08,,,,,,,,,,,,,,,,
2019-03-07,,,,,,,,,,,,,,,,
2019-03-06,,,,,,,,,,,,,,,,
2019-03-05,,,,,,,,,,,,,,,,
2019-03-04,,,,,,,,,,,,,,,,
2019-03-01,,,,,,,,,,,,,,,,
2019-02-28,,,,,,,,,,,,,,,,
2019-02-27,,,,,,,,,,,,,,,,
2019-02-26,,,,,,,,,,,,,,,,
2019-02-25,,,,,,,,,,,,,,,,
2019-02-22,,,,,,,,,,,,,,,,
2019-02-21,,,,,,,,,,,,,,,,
2019-02-20,,,,,,,,,,,,,,,,
2019-02-19,,,,,,,,,,,,,,,,
2019-02-18,,,,,,,,,,,,,,,,
2019-02-15,,,,,,,,,,,,,,,,
2019-02-14,,,,,,,,,,,,,,,,
2019-02-13,,,,,,,,,,,,,,,,
2019-02-12,,,,,,,,,,,,,,,,
2019-02-11,,,,,,,,,,,,,,,,
2019-02-08,,,,,,,,,,,,,,,,
2019-02-07,,,,,,,,,,,,,,,,
2019-02-06,,,,,,,,,,,,,,,,
2019-02-05,,,,,,,,,,,,,,,,
2019-02-04,,,,,,,,,,,,,,,,
2019-02-01,,,,,,,,,,,,,,,,
2019-01-31,,,,,,,,,,,,,,,,
2019-01-30,,,,,,,,,,,,,,,,
2019-01-29,,,,,,,,,,,,,,,,
2019-01-28,,,,,,,,,,,,,,,,
2019-01-25,,,,,,,,,,,,,,,,
2019-01-24,,,,,,,,,,,,,,,,
2019-01-23,,,,,,,,,,,,,,,,
2019-01-22,,,,,,,,,,,,,,,,
2019-01-21,,,,,,,,,,,,,,,,
2019-01-18,,,,,,,,,,,,,,,,
2019-01-17,,,,,,,,,,,,,,,,
2019-01-16,,,,,,,,,,,,,,,,
2019-01-15,,,,,,,,,,,,,,,,
2019-01-14,,,,,,,,,,,,,,,,
2019-01-11,,,,,,,,,,,,,,,,
2019-01-10,,,,,,,,,,,,,,,,
2019-01-09,,,,,,,,,,,,,,,,
2019-01-08,,,,,,,,,,,,,,,,
2019-01-07,,,,,,,,,,,,,,,,
2019-01-04,,,,,,,,,,,,,,,,
2019-01-03,,,,,,,,,,,,,,,,
2019-01-02,,,,,,,,,,,,,,,,
2019-01-01,,,,,,,,,,,,,,,,
2018-12-31,,,,,,,,,,,,,,,,
2018-12-28,,,,,,,,,,,,,,,,
2018-12-27,,,,,,,,,,,,,,,,
2018-12-26,,,,,,,,,,,,,,,,
2018-12-25,,,,,,,,,,,,,,,,
2018-12-24,,,,,,,,,,,,,,,,
2018-12-21,,,,,,,,,,,,,,,,
2018-12-20,,,,,,,,,,,,,,,,
2018-12-19,,,,,,,,,,,,,,,,
2018-12-18,,,,,,,,,,,,,,,,
2018-12-17,,,,,,,,,,,,,,,,
2018-12-14,,,,,,,,,,,,,,,,
2018-12-13,,,,,,,,,,,,,,,,
2018-12-12,,,,,,,,,,,,,,,,
2018-12-11,,,,,,,,,,,,,,,,
2018-12-10,,,,,,,,,,,,,,,,
2018-12-07,,,,,,,,,,,,,,,,
2018-12-06,,,,,,,,,,,,,,,,
2018-12-05,,,,,,,,,,,,,,,,
2018-12-04,,,,,,,,,,,,,,,,
2018-12-03,,,,,,,,,,,,,,,,
2018-11-30,,,,,,,,,,,,,,,,
2018-11-29,,,,,,,,,,,,,,,,
2018-11-28,,,,,,,,,,,,,,,,
2018-11-27,,,,,,,,,,,,,,,,
2018-11-26,,,,,,,,,,,,,,,,
2018-11-23,,,,,,,,,,,,,,,,
2018-11-22,,,,,,,,,,,,,,,,
2018-11-21,,,,,,,,,,,,,,,,
2018-11-20,,,,,,,,,,,,,,,,
2018-11-19,,,,,,,,,,,,,,,,
2018-11-16,,,,,,,,,,,,,,,,
2018-11-15,,,,,,,,,,,,,,,,
2018-11-14,,,,,,,,,,,,,,,,
2018-11-13,,,,,,,,,,,,,,,,
2018-11-12,,,,,,,,,,,,,,,,
2018-11-09,,,,,,,,,,,,,,,,
2018-11-08,,,,,,,,,,,,,,,,
2018-11-07,,,,,,,,,,,,,,,,
2018-11-06,,,,,,,,,,,,,,,,
2018-11-05,,,,,,,,,,,,,,,,
2018-11-02,,,,,,,,,,,,,,,,
2018-11-01,,,,,,,,,,,,,,,,
2018-10-31,,,,,,,,,,,,,,,,
2018-10-30,,,,,,,,,,,,,,,,
2018-10-29,,,,,,,,,,,,,,,,
2018-10-26,,,,,,,,,,,,,,,,
2018-10-25,,,,,,,,,,,,,,,,
2018-10-24,,,,,,,,,,,,,,,,
2018-10-23,,,,,,,,,,,,,,,,
2018-10-22,,,,,,,,,,,,,,,,
2018-10-19,,,,,,,,,,,,,,,,
2018-10-18,,,,,,,,,,,,,,,,
2018-10-17,,,,,,,,,,,,,,,,
2018-10-16,,,,,,,,,,,,,,,,
2018-10-15,,,,,,,,,,,,,,,,
2018-10-12,,,,,,,,,,,,,,,,
2018-10-11,,,,,,,,,,,,,,,,
2018-10-10,,,,,,,,,,,,,,,,
2018-10-09,,,,,,,,,,,,,,,,
2018-10-08,,,,,,,,,,,,,,,,
2018-10-05,,,,,,,,,,,,,,,,
2018-10-04,,,,,,,,,,,,,,,,
2018-10-03,,,,,,,,,,,,,,,,
2018-10-02,,,,,,,,,,,,,,,,
2018-10-01,,,,,,,,,,,,,,,,
2018-09-28,,,,,,,,,,,,,,,,
2018-09-27,,,,,0.51300989091,0.21097832165600008,,,,,,,,,,
2018-09-26,,,,,0.51300989091,0.21003105999699997,,,,,,,,,,
2018-09-25,,,,,0.51300989091,0.20909569077,,,,,,,,,,
2018-09-24,,,,,0.51300989091,0.20909569077,,,,,,,,,,
2018-09-21,,,,,0.551145724128,0.213609880977,,,,,,,,,,
2018-09-20,,,,,0.551145724128,0.21269737026799998,,,,,,,,,,
2018-09-19,,,,,0.551145724128,0.21179570650600002,,,,,,,,,,
2018-09-18,,,,,0.551145724128,0.21090470099800002,,,,,,,,,,
2018-09-17,,,,,0.551145724128,0.21090470099800002,,,,,,,,,,
2018-09-14,,,,,0.547130063199,0.20951041015900002,,,,,,,,,,
2018-09-13,,,,,0.547130063199,0.2086456401200001,,,,,,,,,,
2018-09-12,,,,,0.547130063199,0.20779092260200002,,,,,,,,,,
2018-09-11,,,,,0.547130063199,0.20779092260200002,,,,,,,,,,
2018-09-10,,,,,0.547130063199,0.20779092260200002,,,,,,,,,,
2018-09-07,,,,,0.587301111677,0.21277665708299998,,,,,,,,,,
2018-09-06,,,,,0.587301111677,0.211937538442,,,,,,,,,,
2018-09-05,,,0.28180514618,0.21571786947299998,0.587301111677,0.211107699898,,,,,,,,,,
2018-09-04,,,0.28180514618,0.21386681315900002,0.587301111677,0.210286988556,,,,,,,,,,
2018-09-03,,,0.28180514618,0.212058975876,0.587301111677,0.210286988556,,,,,,,,,,
2018-08-31,,,0.28679831506,0.209893271633,0.665727051909,0.236355334089,,,,,,,,,,
2018-08-30,,,0.28180514618,0.20916075978300008,0.665727051909,0.236355334089,,,,,,,,,,
2018-08-29,,,0.28180514618,0.207467353371,0.665727051909,0.236355334089,,,,,,,,,,
2018-08-28,,,0.28180514618,0.207467353371,0.665727051909,0.236355334089,,,,,,,,,,
2018-08-27,,,0.28180514618,0.205811984182,0.665727051909,0.236355334089,,,,,,,,,,
2018-08-24,,,0.32276381459000003,0.217644375717,0.665727051909,0.234556302275,,,,,,,,,,
2018-08-23,,,0.32276381459000003,0.216009044831,0.665727051909,0.234556302275,,,,,,,,,,
2018-08-22,,,0.32276381459000003,0.214407390541,0.6999510034299999,0.237205429549,,,,,,,,,,
2018-08-21,,,0.32276381459000003,0.21283842427900002,0.6999510034299999,0.23632906795400002,,,,,,,,,,
2018-08-20,,,0.32276381459000003,0.21130118475200002,0.6999510034299999,0.235461786205,,,,,,,,,,
2018-08-17,,,0.359755246846,0.219104230398,0.6999510034299999,0.233753904472,,,,,,,,,,
2018-08-16,,,0.359755246846,0.217606836321,0.6999510034299999,0.233753904472,,,,,,,,,,
2018-08-15,,,0.359755246846,0.216137382756,0.7070000000000001,0.23274816256499997,,,,,,,,,,
2018-08-14,,,0.359755246846,0.214695136404,0.7070000000000001,0.231919978271,,,,,,,,,,
2018-08-13,,,0.337831104379,0.212508325216,0.685,0.230912061949,,,,,,,,,,
2018-08-10,,,0.370839273075,0.217721580596,,,,,,,,,,,,
2018-08-09,,,0.330964082422,0.20698953359299999,,,,,,,,,,,,
2018-08-08,,,0.330964082422,0.20698953359299999,,,,,,,,,,,,
2018-08-07,,,0.330964082422,0.20698953359299999,,,,,,,,,,,,
2018-08-06,,,0.330964082422,0.20698953359299999,,,,,,,,,,,,
2018-08-03,,,0.34997108501,0.20845647570700002,,,,,,,,,,,,
2018-08-02,,,0.334017987118,0.20770394776099999,,,,,,,,,,,,
2018-08-01,,,0.334017987118,0.20770394776099999,,,,,,,,,,,,
2018-07-31,,,0.334017987118,0.20911148978500002,,,,,,,,,,,,
2018-07-30,,,0.318064889226,0.20975020744399997,,,,,,,,,,,,
2018-07-27,,,0.298064078793,0.21410323231400002,,,,,,,,,,,,
2018-07-26,,,0.329068735479,0.218607815705,,,,,,,,,,,,
2018-07-25,,,0.294167505958,0.210511445207,,,,,,,,,,,,
2018-07-24,,,0.294167505958,0.210511445207,,,,,,,,,,,,
2018-07-23,,,0.294167505958,0.210511445207,,,,,,,,,,,,
2018-07-20,,,0.294167505958,0.210511445207,,,,,,,,,,,,
2018-07-19,,,0.280201425936,0.21042000211800002,,,,,,,,,,,,
2018-07-18,,,0.280201425936,0.21042000211800002,,,,,,,,,,,,
2018-07-17,,,0.280201425936,0.21042000211800002,,,,,,,,,,,,
2018-07-16,,,0.280201425936,0.21042000211800002,,,,,,,,,,,,
2018-07-13,,,0.280201425936,0.21042000211800002,,,,,,,,,,,,
2018-07-12,,,0.242309418158,0.200965346351,,,,,,,,,,,,
2018-07-11,,,0.280307640129,0.212005739175,,,,,,,,,,,,
2018-07-10,,,0.280307640129,0.212005739175,,,,,,,,,,,,
2018-07-09,,,0.280307640129,0.212005739175,,,,,,,,,,,,
2018-07-06,,,0.280307640129,0.212005739175,,,,,,,,,,,,
2018-07-05,,,0.24140373278000002,0.20182887014400008,,,,,,,,,,,,
2018-07-04,,,0.272411590963,0.208852222184,,,,,,,,,,,,
2018-07-03,,,0.272411590963,0.208852222184,,,,,,,,,,,,
2018-07-02,,,0.272411590963,0.208852222184,,,,,,,,,,,,
2018-06-29,,,0.295429820447,0.210409239263,,,,,,,,,,,,
2018-06-28,,,0.319383589672,0.20236215746,,,,,,,,,,,,
2018-06-27,,,0.319383589672,0.20236215746,,,,,,,,,,,,
2018-06-26,,,0.319383589672,0.20236215746,,,,,,,,,,,,
2018-06-25,,,0.319383589672,0.20236215746,,,,,,,,,,,,
2018-06-22,,,0.35744595876400004,0.212432236061,,,,,,,,,,,,
2018-06-21,,,0.32349857720499997,0.20489155697,,,,,,,,,,,,
2018-06-20,,,0.32349857720499997,0.20489155697,,,,,,,,,,,,
2018-06-19,,,0.32349857720499997,0.20489155697,,,,,,,,,,,,
2018-06-18,,,0.32349857720499997,0.20489155697,,,,,,,,,,,,
2018-06-15,,,0.31949200770799996,0.205470672755,,,,,,,,,,,,
2018-06-14,,,0.302518994798,0.20433024446800002,,,,,,,,,,,,
2018-06-13,,,0.302518994798,0.20433024446800002,,,,,,,,,,,,
2018-06-12,,,0.302518994798,0.20433024446800002,,,,,,,,,,,,
2018-06-11,,,0.302518994798,0.205773622121,,,,,,,,,,,,
2018-06-08,,,0.342592315145,0.21727013409600002,,,,,,,,,,,,
2018-06-07,,,0.304637481397,0.207216490944,,,,,,,,,,,,
2018-06-06,,,0.304637481397,0.207216490944,,,,,,,,,,,,
2018-06-05,,,0.304637481397,0.207216490944,,,,,,,,,,,,
2018-06-04,,,0.304637481397,0.207216490944,,,,,,,,,,,,
2018-06-01,,,0.382843034356,0.254069346006,,,,,,,,,,,,
2018-05-31,,,0.377845083516,0.256197160357,,,,,,,,,,,,
2018-05-30,,,0.382843034356,0.25729666394,,,,,,,,,,,,
2018-05-29,,,0.382843034356,0.25917022873,,,,,,,,,,,,
2018-05-28,,,0.382843034356,0.25917022873,,,,,,,,,,,,
2018-05-25,,,0.382843034356,0.25729666394,,,,,,,,,,,,
2018-05-24,,,0.34185983746699994,0.24925196271400002,,,,,,,,,,,,
2018-05-23,,,0.34185983746699994,0.251143331546,,,,,,,,,,,,
2018-05-22,,,0.375973681842,0.25746937419300003,,,,,,,,,,,,
2018-05-21,,,0.375973681842,0.25746937419300003,,,,,,,,,,,,
2018-05-18,,,0.375973681842,0.253729281513,,,,,,,,,,,,
2018-05-17,,,0.33897627166100003,0.247756617755,,,,,,,,,,,,
2018-05-16,,,0.33897627166100003,0.249638209607,,,,,,,,,,,,
2018-05-15,,,0.34600000000000003,0.249311668785,,,,,,,,,,,,
2018-05-14,,,0.34600000000000003,0.249311668785,,,,,,,,,,,,
2018-05-11,,,,,,,,,,,,,,,,
2018-05-10,,,,,,,,,,,,,,,,
2018-05-09,,,,,,,,,,,,,,,,
2018-05-08,,,,,,,,,,,,,,,,
2018-05-07,,,,,,,,,,,,,,,,
2018-05-04,,,,,,,,,,,,,,,,
2018-05-03,,,,,,,,,,,,,,,,
2018-05-02,,,,,,,,,,,,,,,,
2018-05-01,,,,,,,,,,,,,,,,
2018-04-30,,,,,,,,,,,,,,,,
2018-04-27,,,,,,,,,,,,,,,,
2018-04-26,,,,,,,,,,,,,,,,
2018-04-25,,,,,,,,,,,,,,,,
2018-04-24,,,,,,,,,,,,,,,,
2018-04-23,,,,,,,,,,,,,,,,
2018-04-20,,,,,,,,,,,,,,,,
2018-04-19,,,,,,,,,,,,,,,,
2018-04-18,,,,,,,,,,,,,,,,
2018-04-17,,,,,,,,,,,,,,,,
2018-04-16,,,,,,,,,,,,,,,,
2018-04-13,,,,,,,,,,,,,,,,
2018-04-12,,,,,,,,,,,,,,,,
2018-04-11,,,,,,,,,,,,,,,,
2018-04-10,,,,,,,,,,,,,,,,
2018-04-09,,,,,,,,,,,,,,,,
2018-04-06,,,,,,,,,,,,,,,,
2018-04-05,,,,,,,,,,,,,,,,
2018-04-04,,,,,,,,,,,,,,,,
2018-04-03,,,,,,,,,,,,,,,,
2018-04-02,,,,,,,,,,,,,,,,
2018-03-30,,,,,,,,,,,,,,,,
2018-03-29,,,,,,,,,,,,,,,,
2018-03-28,,,,,,,,,,,,,,,,
2018-03-27,,,,,,,,,,,,,,,,
2018-03-26,,,,,,,,,,,,,,,,
2018-03-23,,,,,,,,,,,,,,,,
2018-03-22,,,,,,,,,,,,,,,,
2018-03-21,,,,,,,,,,,,,,,,
2018-03-20,,,,,,,,,,,,,,,,
2018-03-19,,,,,,,,,,,,,,,,
2018-03-16,,,,,,,,,,,,,,,,
2018-03-15,,,,,,,,,,,,,,,,
2018-03-14,,,,,,,,,,,,,,,,
2018-03-13,,,,,,,,,,,,,,,,
2018-03-12,,,,,,,,,,,,,,,,
2018-03-09,,,,,,,,,,,,,,,,
2018-03-08,,,,,,,,,,,,,,,,
2018-03-07,,,,,,,,,,,,,,,,
2018-03-06,,,,,,,,,,,,,,,,
2018-03-05,,,,,,,,,,,,,,,,
2018-03-02,,,,,,,,,,,,,,,,
2018-03-01,,,,,,,,,,,,,,,,
2018-02-28,,,,,,,,,,,,,,,,
2018-02-27,,,,,,,,,,,,,,,,
2018-02-26,,,,,,,,,,,,,,,,
2018-02-23,,,,,,,,,,,,,,,,
2018-02-22,,,,,,,,,,,,,,,,
2018-02-21,,,,,,,,,,,,,,,,
2018-02-20,,,,,,,,,,,,,,,,
2018-02-19,,,,,,,,,,,,,,,,
2018-02-16,,,,,,,,,,,,,,,,
2018-02-15,,,,,,,,,,,,,,,,
2018-02-14,,,,,,,,,,,,,,,,
2018-02-13,,,,,,,,,,,,,,,,
2018-02-12,,,,,,,,,,,,,,,,
2018-02-09,,,,,,,,,,,,,,,,
2018-02-08,,,,,,,,,,,,,,,,
2018-02-07,,,,,,,,,,,,,,,,
2018-02-06,,,,,,,,,,,,,,,,
2018-02-05,,,,,,,,,,,,,,,,
2018-02-02,,,,,,,,,,,,,,,,
2018-02-01,,,,,,,,,,,,,,,,
2018-01-31,,,,,,,,,,,,,,,,
2018-01-30,,,,,,,,,,,,,,,,
2018-01-29,,,,,,,,,,,,,,,,
2018-01-26,,,,,,,,,,,,,,,,
2018-01-25,,,,,,,,,,,,,,,,
2018-01-24,,,,,,,,,,,,,,,,
2018-01-23,,,,,,,,,,,,,,,,
2018-01-22,,,,,,,,,,,,,,,,
2018-01-19,,,,,,,,,,,,,,,,
2018-01-18,,,,,,,,,,,,,,,,
2018-01-17,,,,,,,,,,,,,,,,
2018-01-16,,,,,,,,,,,,,,,,
2018-01-15,,,,,,,,,,,,,,,,
2018-01-12,,,,,,,,,,,,,,,,
2018-01-11,,,,,,,,,,,,,,,,
2018-01-10,,,,,,,,,,,,,,,,
2018-01-09,,,,,,,,,,,,,,,,
2018-01-08,,,,,,,,,,,,,,,,
2018-01-05,,,,,,,,,,,,,,,,
2018-01-04,,,,,,,,,,,,,,,,
2018-01-03,,,,,,,,,,,,,,,,
2018-01-02,,,,,,,,,,,,,,,,
2018-01-01,,,,,,,,,,,,,,,,
2017-12-29,,,,,,,,,,,,,,,,
2017-12-28,,,,,,,,,,,,,,,,
2017-12-27,,,,,,,,,,,,,,,,
2017-12-26,,,,,,,,,,,,,,,,
2017-12-25,,,,,,,,,,,,,,,,
2017-12-22,,,,,,,,,,,,,,,,
2017-12-21,,,,,,,,,,,,,,,,
2017-12-20,,,,,,,,,,,,,,,,
2017-12-19,,,,,,,,,,,,,,,,
2017-12-18,,,,,,,,,,,,,,,,
2017-12-15,,,,,,,,,,,,,,,,
2017-12-14,,,,,,,,,,,,,,,,
2017-12-13,,,,,,,,,,,,,,,,
2017-12-12,,,,,,,,,,,,,,,,
2017-12-11,,,,,,,,,,,,,,,,
2017-12-08,,,,,,,,,,,,,,,,
2017-12-07,,,,,,,,,,,,,,,,
2017-12-06,,,,,,,,,,,,,,,,
2017-12-05,,,,,,,,,,,,,,,,
2017-12-04,,,,,,,,,,,,,,,,
2017-12-01,,,,,,,,,,,,,,,,
2017-11-30,,,,,,,,,,,,,,,,
2017-11-29,,,,,,,,,,,,,,,,
2017-11-28,,,,,,,,,,,,,,,,
2017-11-27,,,,,,,,,,,,,,,,
2017-11-24,,,,,,,,,,,,,,,,
2017-11-23,,,,,,,,,,,,,,,,
2017-11-22,,,,,,,,,,,,,,,,
2017-11-21,,,,,,,,,,,,,,,,
2017-11-20,,,,,,,,,,,,,,,,
2017-11-17,,,,,,,,,,,,,,,,
2017-11-16,,,,,,,,,,,,,,,,
2017-11-15,,,,,,,,,,,,,,,,
2017-11-14,,,,,,,,,,,,,,,,
2017-11-13,,,,,,,,,,,,,,,,
2017-11-10,,,,,,,,,,,,,,,,
2017-11-09,,,,,,,,,,,,,,,,
2017-11-08,,,,,,,,,,,,,,,,
2017-11-07,,,,,,,,,,,,,,,,
2017-11-06,,,,,,,,,,,,,,,,
2017-11-03,,,,,,,,,,,,,,,,
2017-11-02,,,,,,,,,,,,,,,,
2017-11-01,,,,,,,,,,,,,,,,
2017-10-31,,,,,,,,,,,,,,,,
2017-10-30,,,,,,,,,,,,,,,,
2017-10-27,,,,,,,,,,,,,,,,
2017-10-26,,,,,,,,,,,,,,,,
2017-10-25,,,,,,,,,,,,,,,,
2017-10-24,,,,,,,,,,,,,,,,
2017-10-23,,,,,,,,,,,,,,,,
2017-10-20,,,,,,,,,,,,,,,,
2017-10-19,,,,,,,,,,,,,,,,
2017-10-18,,,,,,,,,,,,,,,,
2017-10-17,,,,,,,,,,,,,,,,
2017-10-16,,,,,,,,,,,,,,,,
2017-10-13,,,,,,,,,,,,,,,,
2017-10-12,,,,,,,,,,,,,,,,
2017-10-11,,,,,,,,,,,,,,,,
2017-10-10,,,,,,,,,,,,,,,,
2017-10-09,,,,,,,,,,,,,,,,
2017-10-06,,,,,,,,,,,,,,,,
2017-10-05,,,,,,,,,,,,,,,,
2017-10-04,,,,,,,,,,,,,,,,
2017-10-03,,,,,,,,,,,,,,,,
2017-10-02,,,,,,,,,,,,,,,,
2017-09-29,,,,,,,,,,,,,,,,
2017-09-28,,,,,,,,,,,,,,,,
2017-09-27,,,,,,,,,,,,,,,,
2017-09-26,,,,,,,,,,,,,,,,
2017-09-25,,,,,,,,,,,,,,,,
2017-09-22,,,,,,,,,,,,,,,,
2017-09-21,,,,,,,,,,,,,,,,
2017-09-20,,,,,,,,,,,,,,,,
2017-09-19,,,,,,,,,,,,,,,,
2017-09-18,,,,,,,,,,,,,,,,
2017-09-15,,,,,,,,,,,,,,,,
2017-09-14,,,,,,,,,,,,,,,,
2017-09-13,,,,,,,,,,,,,,,,
2017-09-12,,,,,,,,,,,,,,,,
2017-09-11,,,,,,,,,,,,,,,,
2017-09-08,,,,,,,,,,,,,,,,
2017-09-07,,,,,,,,,,,,,,,,
2017-09-06,,,,,,,,,,,,,,,,
2017-09-05,,,,,,,,,,,,,,,,
2017-09-04,,,,,,,,,,,,,,,,
2017-09-01,,,,,,,,,,,,,,,,
2017-08-31,,,,,,,,,,,,,,,,
2017-08-30,,,,,,,,,,,,,,,,
2017-08-29,,,,,,,,,,,,,,,,
2017-08-28,,,,,,,,,,,,,,,,
2017-08-25,,,,,,,,,,,,,,,,
2017-08-24,,,,,,,,,,,,,,,,
2017-08-23,,,,,,,,,,,,,,,,
2017-08-22,,,,,,,,,,,,,,,,
2017-08-21,,,,,,,,,,,,,,,,
2017-08-18,,,,,,,,,,,,,,,,
2017-08-17,,,,,,,,,,,,,,,,
2017-08-16,,,,,,,,,,,,,,,,
2017-08-15,,,,,,,,,,,,,,,,
2017-08-14,,,,,,,,,,,,,,,,
2017-08-11,,,,,,,,,,,,,,,,
2017-08-10,,,,,,,,,,,,,,,,
2017-08-09,,,,,,,,,,,,,,,,
2017-08-08,,,,,,,,,,,,,,,,
2017-08-07,,,,,,,,,,,,,,,,
2017-08-04,,,,,,,,,,,,,,,,
2017-08-03,,,,,,,,,,,,,,,,
2017-08-02,,,,,,,,,,,,,,,,
2017-08-01,,,,,,,,,,,,,,,,
2017-07-31,,,,,,,,,,,,,,,,
2017-07-28,,,,,,,,,,,,,,,,
2017-07-27,,,,,,,,,,,,,,,,
2017-07-26,,,,,,,,,,,,,,,,
2017-07-25,,,,,,,,,,,,,,,,
2017-07-24,,,,,,,,,,,,,,,,
2017-07-21,,,,,,,,,,,,,,,,
2017-07-20,,,,,,,,,,,,,,,,
2017-07-19,,,,,,,,,,,,,,,,
2017-07-18,,,,,,,,,,,,,,,,
2017-07-17,,,,,,,,,,,,,,,,
2017-07-14,,,,,,,,,,,,,,,,
2017-07-13,,,,,,,,,,,,,,,,
2017-07-12,,,,,,,,,,,,,,,,
2017-07-11,,,,,,,,,,,,,,,,
2017-07-10,,,,,,,,,,,,,,,,
2017-07-07,,,,,,,,,,,,,,,,
2017-07-06,,,,,,,,,,,,,,,,
2017-07-05,,,,,,,,,,,,,,,,
2017-07-04,,,,,,,,,,,,,,,,
2017-07-03,,,,,,,,,,,,,,,,
2017-06-30,,,,,,,,,,,,,,,,
2017-06-29,,,,,,,,,,,,,,,,
2017-06-28,,,,,,,,,,,,,,,,
2017-06-27,,,,,,,,,,,,,,,,
2017-06-26,,,,,,,,,,,,,,,,
2017-06-23,,,,,,,,,,,,,,,,
2017-06-22,,,,,,,,,,,,,,,,
2017-06-21,,,,,,,,,,,,,,,,
2017-06-20,,,,,,,,,,,,,,,,
2017-06-19,,,,,,,,,,,,,,,,
2017-06-16,,,,,,,,,,,,,,,,
2017-06-15,,,,,,,,,,,,,,,,
2017-06-14,,,,,,,,,,,,,,,,
2017-06-13,,,,,,,,,,,,,,,,
2017-06-12,,,,,,,,,,,,,,,,
2017-06-09,,,,,,,,,,,,,,,,
2017-06-08,,,,,,,,,,,,,,,,
2017-06-07,,,,,,,,,,,,,,,,
2017-06-06,,,,,,,,,,,,,,,,
2017-06-05,,,,,,,,,,,,,,,,
2017-06-02,,,,,,,,,,,,,,,,
2017-06-01,,,,,,,,,,,,,,,,
2017-05-31,,,,,,,,,,,,,,,,
2017-05-30,,,,,,,,,,,,,,,,
2017-05-29,,,,,,,,,,,,,,,,
2017-05-26,,,,,,,,,,,,,,,,
2017-05-25,,,,,,,,,,,,,,,,
2017-05-24,,,,,,,,,,,,,,,,
2017-05-23,,,,,,,,,,,,,,,,
2017-05-22,,,,,,,,,,,,,,,,
2017-05-19,,,,,,,,,,,,,,,,
2017-05-18,,,,,,,,,,,,,,,,
2017-05-17,,,,,,,,,,,,,,,,
2017-05-16,,,,,,,,,,,,,,,,
2017-05-15,,,,,,,,,,,,,,,,
2017-05-12,,,,,,,,,,,,,,,,
2017-05-11,,,,,,,,,,,,,,,,
2017-05-10,,,,,,,,,,,,,,,,
2017-05-09,,,,,,,,,,,,,,,,
2017-05-08,,,,,,,,,,,,,,,,
2017-05-05,,,,,,,,,,,,,,,,
2017-05-04,,,,,,,,,,,,,,,,
2017-05-03,,,,,,,,,,,,,,,,
2017-05-02,,,,,,,,,,,,,,,,
2017-05-01,,,,,,,,,,,,,,,,
2017-04-28,,,,,,,,,,,,,,,,
2017-04-27,,,,,,,,,,,,,,,,
2017-04-26,,,,,,,,,,,,,,,,
2017-04-25,,,,,,,,,,,,,,,,
2017-04-24,,,,,,,,,,,,,,,,
2017-04-21,,,,,,,,,,,,,,,,
2017-04-20,,,,,,,,,,,,,,,,
2017-04-19,,,,,,,,,,,,,,,,
2017-04-18,,,,,,,,,,,,,,,,
2017-04-17,,,,,,,,,,,,,,,,
2017-04-14,,,,,,,,,,,,,,,,
2017-04-13,,,,,,,,,,,,,,,,
2017-04-12,,,,,,,,,,,,,,,,
2017-04-11,,,,,,,,,,,,,,,,
2017-04-10,,,,,,,,,,,,,,,,
2017-04-07,,,,,,,,,,,,,,,,
2017-04-06,,,,,,,,,,,,,,,,
2017-04-05,,,,,,,,,,,,,,,,
2017-04-04,,,,,,,,,,,,,,,,
2017-04-03,,,,,,,,,,,,,,,,
2017-03-31,,,,,,,,,,,,,,,,
2017-03-30,,,,,,,,,,,,,,,,
2017-03-29,,,,,,,,,,,,,,,,
2017-03-28,,,,,,,,,,,,,,,,
2017-03-27,,,,,,,,,,,,,,,,
2017-03-24,,,,,,,,,,,,,,,,
2017-03-23,,,,,,,,,,,,,,,,
2017-03-22,,,,,,,,,,,,,,,,
2017-03-21,,,,,,,,,,,,,,,,
2017-03-20,,,,,,,,,,,,,,,,
2017-03-17,,,,,,,,,,,,,,,,
2017-03-16,,,,,,,,,,,,,,,,
2017-03-15,,,,,,,,,,,,,,,,
2017-03-14,,,,,,,,,,,,,,,,
2017-03-13,,,,,,,,,,,,,,,,
2017-03-10,,,,,,,,,,,,,,,,
2017-03-09,,,,,,,,,,,,,,,,
2017-03-08,,,,,,,,,,,,,,,,
2017-03-07,,,,,,,,,,,,,,,,
2017-03-06,,,,,,,,,,,,,,,,
2017-03-03,,,,,,,,,,,,,,,,
2017-03-02,,,,,,,,,,,,,,,,
2017-03-01,,,,,,,,,,,,,,,,
2017-02-28,,,,,,,,,,,,,,,,
2017-02-27,,,,,,,,,,,,,,,,
2017-02-24,,,,,,,,,,,,,,,,
2017-02-23,,,,,,,,,,,,,,,,
2017-02-22,,,,,,,,,,,,,,,,
2017-02-21,,,,,,,,,,,,,,,,
2017-02-20,,,,,,,,,,,,,,,,
2017-02-17,,,,,,,,,,,,,,,,
2017-02-16,,,,,,,,,,,,,,,,
2017-02-15,,,,,,,,,,,,,,,,
2017-02-14,,,,,,,,,,,,,,,,
2017-02-13,,,,,,,,,,,,,,,,
2017-02-10,,,,,,,,,,,,,,,,
2017-02-09,,,,,,,,,,,,,,,,
2017-02-08,,,,,,,,,,,,,,,,
2017-02-07,,,,,,,,,,,,,,,,
2017-02-06,,,,,,,,,,,,,,,,
2017-02-03,,,,,,,,,,,,,,,,
2017-02-02,,,,,,,,,,,,,,,,
2017-02-01,,,,,,,,,,,,,,,,
2017-01-31,,,,,,,,,,,,,,,,
2017-01-30,,,,,,,,,,,,,,,,
2017-01-27,,,,,,,,,,,,,,,,
2017-01-26,,,,,,,,,,,,,,,,
2017-01-25,,,,,,,,,,,,,,,,
2017-01-24,,,,,,,,,,,,,,,,
2017-01-23,,,,,,,,,,,,,,,,
2017-01-20,,,,,,,,,,,,,,,,
2017-01-19,,,,,,,,,,,,,,,,
2017-01-18,,,,,,,,,,,,,,,,
2017-01-17,,,,,,,,,,,,,,,,
2017-01-16,,,,,,,,,,,,,,,,
2017-01-13,,,,,,,,,,,,,,,,
2017-01-12,,,,,,,,,,,,,,,,
2017-01-11,,,,,,,,,,,,,,,,
2017-01-10,,,,,,,,,,,,,,,,
2017-01-09,,,,,,,,,,,,,,,,
2017-01-06,,,,,,,,,,,,,,,,
2017-01-05,,,,,,,,,,,,,,,,
2017-01-04,,,,,,,,,,,,,,,,
2017-01-03,,,,,,,,,,,,,,,,
2017-01-02,,,,,,,,,,,,,,,,
2016-12-30,,,,,,,,,,,,,,,,
2016-12-29,,,,,,,,,,,,,,,,
2016-12-28,,,,,,,,,,,,,,,,
2016-12-27,,,,,,,,,,,,,,,,
2016-12-26,,,,,,,,,,,,,,,,
2016-12-23,,,,,,,,,,,,,,,,
2016-12-22,,,,,,,,,,,,,,,,
2016-12-21,,,,,,,,,,,,,,,,
2016-12-20,,,,,,,,,,,,,,,,
2016-12-19,,,,,,,,,,,,,,,,
2016-12-16,,,,,,,,,,,,,,,,
2016-12-15,,,,,,,,,,,,,,,,
2016-12-14,,,,,,,,,,,,,,,,
2016-12-13,,,,,,,,,,,,,,,,
2016-12-12,,,,,,,,,,,,,,,,
2016-12-09,,,,,,,,,,,,,,,,
2016-12-08,,,,,,,,,,,,,,,,
2016-12-07,,,,,,,,,,,,,,,,
2016-12-06,,,,,,,,,,,,,,,,
2016-12-05,,,,,,,,,,,,,,,,
2016-12-02,,,,,,,,,,,,,,,,
2016-12-01,,,,,,,,,,,,,,,,
2016-11-30,,,,,,,,,,,,,,,,
2016-11-29,,,,,,,,,,,,,,,,
2016-11-28,,,,,,,,,,,,,,,,
2016-11-25,,,,,,,,,,,,,,,,
2016-11-24,,,,,,,,,,,,,,,,
2016-11-23,,,,,,,,,,,,,,,,
2016-11-22,,,,,,,,,,,,,,,,
2016-11-21,,,,,,,,,,,,,,,,
2016-11-18,,,,,,,,,,,,,,,,
2016-11-17,,,,,,,,,,,,,,,,
2016-11-16,,,,,,,,,,,,,,,,
2016-11-15,,,,,,,,,,,,,,,,
2016-11-14,,,,,,,,,,,,,,,,
2016-11-11,,,,,,,,,,,,,,,,
2016-11-10,,,,,,,,,,,,,,,,
2016-11-09,,,,,,,,,,,,,,,,
2016-11-08,,,,,,,,,,,,,,,,
2016-11-07,,,,,,,,,,,,,,,,
2016-11-04,,,,,,,,,,,,,,,,
2016-11-03,,,,,,,,,,,,,,,,
2016-11-02,,,,,,,,,,,,,,,,
2016-11-01,,,,,,,,,,,,,,,,
2016-10-31,,,,,,,,,,,,,,,,
2016-10-28,,,,,,,,,,,,,,,,
2016-10-27,,,,,,,,,,,,,,,,
2016-10-26,,,,,,,,,,,,,,,,
2016-10-25,,,,,,,,,,,,,,,,
2016-10-24,,,,,,,,,,,,,,,,
2016-10-21,,,,,,,,,,,,,,,,
2016-10-20,,,,,,,,,,,,,,,,
2016-10-19,,,,,,,,,,,,,,,,
2016-10-18,,,,,,,,,,,,,,,,
2016-10-17,,,,,,,,,,,,,,,,
2016-10-14,,,,,,,,,,,,,,,,
2016-10-13,,,,,,,,,,,,,,,,
2016-10-12,,,,,,,,,,,,,,,,
2016-10-11,,,,,,,,,,,,,,,,
2016-10-10,,,,,,,,,,,,,,,,
2016-10-07,,,,,,,,,,,,,,,,
2016-10-06,,,,,,,,,,,,,,,,
2016-10-05,,,,,,,,,,,,,,,,
2016-10-04,,,,,,,,,,,,,,,,
2016-10-03,,,,,,,,,,,,,,,,
2016-09-30,,,,,,,,,,,,,,,,
2016-09-29,,,,,,,,,,,,,,,,
2016-09-28,,,,,,,,,,,,,,,,
2016-09-27,,,,,,,,,,,,,,,,
2016-09-26,,,,,,,,,,,,,,,,
2016-09-23,,,,,,,,,,,,,,,,
2016-09-22,,,,,,,,,,,,,,,,
2016-09-21,,,,,,,,,,,,,,,,
2016-09-20,,,,,,,,,,,,,,,,
2016-09-19,,,,,,,,,,,,,,,,
2016-09-16,,,,,,,,,,,,,,,,
2016-09-15,,,,,,,,,,,,,,,,
2016-09-14,,,,,,,,,,,,,,,,
2016-09-13,,,,,,,,,,,,,,,,
2016-09-12,,,,,,,,,,,,,,,,
2016-09-09,,,,,,,,,,,,,,,,
2016-09-08,,,,,,,,,,,,,,,,
2016-09-07,,,,,,,,,,,,,,,,
2016-09-06,,,,,,,,,,,,,,,,
2016-09-05,,,,,,,,,,,,,,,,
2016-09-02,,,,,,,,,,,,,,,,
2016-09-01,,,,,,,,,,,,,,,,
2016-08-31,,,,,,,,,,,,,,,,
2016-08-30,,,,,,,,,,,,,,,,
2016-08-29,,,,,,,,,,,,,,,,
2016-08-26,,,,,,,,,,,,,,,,
2016-08-25,,,,,,,,,,,,,,,,
2016-08-24,,,,,,,,,,,,,,,,
2016-08-23,,,,,,,,,,,,,,,,
2016-08-22,,,,,,,,,,,,,,,,
2016-08-19,,,,,,,,,,,,,,,,
2016-08-18,,,,,,,,,,,,,,,,
2016-08-17,,,,,,,,,,,,,,,,
2016-08-16,,,,,,,,,,,,,,,,
2016-08-15,,,,,,,,,,,,,,,,
2016-08-12,,,,,,,,,,,,,,,,
2016-08-11,,,,,,,,,,,,,,,,
2016-08-10,,,,,,,,,,,,,,,,
2016-08-09,,,,,,,,,,,,,,,,
2016-08-08,,,,,,,,,,,,,,,,
2016-08-05,,,,,,,,,,,,,,,,
2016-08-04,,,,,,,,,,,,,,,,
2016-08-03,,,,,,,,,,,,,,,,
2016-08-02,,,,,,,,,,,,,,,,
2016-08-01,,,,,,,,,,,,,,,,
2016-07-29,,,,,,,,,,,,,,,,
2016-07-28,,,,,,,,,,,,,,,,
2016-07-27,,,,,,,,,,,,,,,,
2016-07-26,,,,,,,,,,,,,,,,
2016-07-25,,,,,,,,,,,,,,,,
2016-07-22,,,,,,,,,,,,,,,,
2016-07-21,,,,,,,,,,,,,,,,
2016-07-20,,,,,,,,,,,,,,,,
2016-07-19,,,,,,,,,,,,,,,,
2016-07-18,,,,,,,,,,,,,,,,
2016-07-15,,,,,,,,,,,,,,,,
2016-07-14,,,,,,,,,,,,,,,,
2016-07-13,,,,,,,,,,,,,,,,
2016-07-12,,,,,,,,,,,,,,,,
2016-07-11,,,,,,,,,,,,,,,,
2016-07-08,,,,,,,,,,,,,,,,
2016-07-07,,,,,,,,,,,,,,,,
2016-07-06,,,,,,,,,,,,,,,,
2016-07-05,,,,,,,,,,,,,,,,
2016-07-04,,,,,,,,,,,,,,,,
2016-07-01,,,,,,,,,,,,,,,,
2016-06-30,,,,,,,,,,,,,,,,
2016-06-29,,,,,,,,,,,,,,,,
2016-06-28,,,,,,,,,,,,,,,,
2016-06-27,,,,,,,,,,,,,,,,
2016-06-24,,,,,,,,,,,,,,,,
2016-06-23,,,,,,,,,,,,,,,,
2016-06-22,,,,,,,,,,,,,,,,
2016-06-21,,,,,,,,,,,,,,,,
2016-06-20,,,,,,,,,,,,,,,,
2016-06-17,,,,,,,,,,,,,,,,
2016-06-16,,,,,,,,,,,,,,,,
2016-06-15,,,,,,,,,,,,,,,,
2016-06-14,,,,,,,,,,,,,,,,
2016-06-13,,,,,,,,,,,,,,,,
2016-06-10,,,,,,,,,,,,,,,,
2016-06-09,,,,,,,,,,,,,,,,
2016-06-08,,,,,,,,,,,,,,,,
2016-06-07,,,,,,,,,,,,,,,,
2016-06-06,,,,,,,,,,,,,,,,
2016-06-03,,,,,,,,,,,,,,,,
2016-06-02,,,,,,,,,,,,,,,,
2016-06-01,,,,,,,,,,,,,,,,
2016-05-31,,,,,,,,,,,,,,,,
2016-05-30,,,,,,,,,,,,,,,,
2016-05-27,,,,,,,,,,,,,,,,
2016-05-26,,,,,,,,,,,,,,,,
2016-05-25,,,,,,,,,,,,,,,,
2016-05-24,,,,,,,,,,,,,,,,
2016-05-23,,,,,,,,,,,,,,,,
2016-05-20,,,,,,,,,,,,,,,,
2016-05-19,,,,,,,,,,,,,,,,
2016-05-18,,,,,,,,,,,,,,,,
2016-05-17,,,,,,,,,,,,,,,,
2016-05-16,,,,,,,,,,,,,,,,
2016-05-13,,,,,,,,,,,,,,,,
2016-05-12,,,,,,,,,,,,,,,,
2016-05-11,,,,,,,,,,,,,,,,
2016-05-10,,,,,,,,,,,,,,,,
2016-05-09,,,,,,,,,,,,,,,,
2016-05-06,,,,,,,,,,,,,,,,
2016-05-05,,,,,,,,,,,,,,,,
2016-05-04,,,,,,,,,,,,,,,,
2016-05-03,,,,,,,,,,,,,,,,
2016-05-02,,,,,,,,,,,,,,,,
2016-04-29,,,,,,,,,,,,,,,,
2016-04-28,,,,,,,,,,,,,,,,
2016-04-27,,,,,,,,,,,,,,,,
2016-04-26,,,,,,,,,,,,,,,,
2016-04-25,,,,,,,,,,,,,,,,
2016-04-22,,,,,,,,,,,,,,,,
2016-04-21,,,,,,,,,,,,,,,,
2016-04-20,,,,,,,,,,,,,,,,
2016-04-19,,,,,,,,,,,,,,,,
2016-04-18,,,,,,,,,,,,,,,,
2016-04-15,,,,,,,,,,,,,,,,
2016-04-14,,,,,,,,,,,,,,,,
2016-04-13,,,,,,,,,,,,,,,,
2016-04-12,,,,,,,,,,,,,,,,
2016-04-11,,,,,,,,,,,,,,,,
2016-04-08,,,,,,,,,,,,,,,,
2016-04-07,,,,,,,,,,,,,,,,
2016-04-06,,,,,,,,,,,,,,,,
2016-04-05,,,,,,,,,,,,,,,,
2016-04-04,,,,,,,,,,,,,,,,
2016-04-01,,,,,,,,,,,,,,,,
2016-03-31,,,,,,,,,,,,,,,,
2016-03-30,,,,,,,,,,,,,,,,
2016-03-29,,,,,,,,,,,,,,,,
2016-03-28,,,,,,,,,,,,,,,,
2016-03-25,,,,,,,,,,,,,,,,
2016-03-24,,,,,,,,,,,,,,,,
2016-03-23,,,,,,,,,,,,,,,,
2016-03-22,,,,,,,,,,,,,,,,
2016-03-21,,,,,,,,,,,,,,,,
2016-03-18,,,,,,,,,,,,,,,,
2016-03-17,,,,,,,,,,,,,,,,
2016-03-16,,,,,,,,,,,,,,,,
2016-03-15,,,,,,,,,,,,,,,,
2016-03-14,,,,,,,,,,,,,,,,
2016-03-11,,,,,,,,,,,,,,,,
2016-03-10,,,,,,,,,,,,,,,,
2016-03-09,,,,,,,,,,,,,,,,
2016-03-08,,,,,,,,,,,,,,,,
2016-03-07,,,,,,,,,,,,,,,,
2016-03-04,,,,,,,,,,,,,,,,
2016-03-03,,,,,,,,,,,,,,,,
2016-03-02,,,,,,,,,,,,,,,,
2016-03-01,,,,,,,,,,,,,,,,
2016-02-29,,,,,,,,,,,,,,,,
2016-02-26,,,,,,,,,,,,,,,,
2016-02-25,,,,,,,,,,,,,,,,
2016-02-24,,,,,,,,,,,,,,,,
2016-02-23,,,,,,,,,,,,,,,,
2016-02-22,,,,,,,,,,,,,,,,
2016-02-19,,,,,,,,,,,,,,,,
2016-02-18,,,,,,,,,,,,,,,,
2016-02-17,,,,,,,,,,,,,,,,
2016-02-16,,,,,,,,,,,,,,,,
2016-02-15,,,,,,,,,,,,,,,,
2016-02-12,,,,,,,,,,,,,,,,
2016-02-11,,,,,,,,,,,,,,,,
2016-02-10,,,,,,,,,,,,,,,,
2016-02-09,,,,,,,,,,,,,,,,
2016-02-08,,,,,,,,,,,,,,,,
2016-02-05,,,,,,,,,,,,,,,,
2016-02-04,,,,,,,,,,,,,,,,
2016-02-03,,,,,,,,,,,,,,,,
2016-02-02,,,,,,,,,,,,,,,,
2016-02-01,,,,,,,,,,,,,,,,
2016-01-29,,,,,,,,,,,,,,,,
2016-01-28,,,,,,,,,,,,,,,,
2016-01-27,,,,,,,,,,,,,,,,
2016-01-26,,,,,,,,,,,,,,,,
2016-01-25,,,,,,,,,,,,,,,,
2016-01-22,,,,,,,,,,,,,,,,
2016-01-21,,,,,,,,,,,,,,,,
2016-01-20,,,,,,,,,,,,,,,,
2016-01-19,,,,,,,,,,,,,,,,
2016-01-18,,,,,,,,,,,,,,,,
2016-01-15,,,,,,,,,,,,,,,,
2016-01-14,,,,,,,,,,,,,,,,
2016-01-13,,,,,,,,,,,,,,,,
2016-01-12,,,,,,,,,,,,,,,,
2016-01-11,,,,,,,,,,,,,,,,
2016-01-08,,,,,,,,,,,,,,,,
2016-01-07,,,,,,,,,,,,,,,,
2016-01-06,,,,,,,,,,,,,,,,
2016-01-05,,,,,,,,,,,,,,,,
2016-01-04,,,,,,,,,,,,,,,,
2016-01-01,,,,,,,,,,,,,,,,
2015-12-31,,,,,,,,,,,,,,,,
2015-12-30,,,,,,,,,,,,,,,,
2015-12-29,,,,,,,,,,,,,,,,
2015-12-28,,,,,,,,,,,,,,,,
2015-12-25,,,,,,,,,,,,,,,,
2015-12-24,,,,,,,,,,,,,,,,
2015-12-23,,,,,,,,,,,,,,,,
2015-12-22,,,,,,,,,,,,,,,,
2015-12-21,,,,,,,,,,,,,,,,
2015-12-18,,,,,,,,,,,,,,,,
2015-12-17,,,,,,,,,,,,,,,,
2015-12-16,,,,,,,,,,,,,,,,
2015-12-15,,,,,,,,,,,,,,,,
2015-12-14,,,,,,,,,,,,,,,,
2015-12-11,,,,,,,,,,,,,,,,
2015-12-10,,,,,,,,,,,,,,,,
2015-12-09,,,,,,,,,,,,,,,,
2015-12-08,,,,,,,,,,,,,,,,
2015-12-07,,,,,,,,,,,,,,,,
2015-12-04,,,,,,,,,,,,,,,,
2015-12-03,,,,,,,,,,,,,,,,
2015-12-02,,,,,,,,,,,,,,,,
2015-12-01,,,,,,,,,,,,,,,,
2015-11-30,,,,,,,,,,,,,,,,
2015-11-27,,,,,,,,,,,,,,,,
2015-11-26,,,,,,,,,,,,,,,,
2015-11-25,,,,,,,,,,,,,,,,
2015-11-24,,,,,,,,,,,,,,,,
2015-11-23,,,,,,,,,,,,,,,,
2015-11-20,,,,,,,,,,,,,,,,
2015-11-19,,,,,,,,,,,,,,,,
2015-11-18,,,,,,,,,,,,,,,,
2015-11-17,,,,,,,,,,,,,,,,
2015-11-16,,,,,,,,,,,,,,,,
2015-11-13,,,,,,,,,,,,,,,,
2015-11-12,,,,,,,,,,,,,,,,
2015-11-11,,,,,,,,,,,,,,,,
2015-11-10,,,,,,,,,,,,,,,,
2015-11-09,,,,,,,,,,,,,,,,
2015-11-06,,,,,,,,,,,,,,,,
2015-11-05,,,,,,,,,,,,,,,,
2015-11-04,,,,,,,,,,,,,,,,
2015-11-03,,,,,,,,,,,,,,,,
2015-11-02,,,,,,,,,,,,,,,,
2015-10-30,,,,,,,,,,,,,,,,
2015-10-29,,,,,,,,,,,,,,,,
2015-10-28,,,,,,,,,,,,,,,,
2015-10-27,,,,,,,,,,,,,,,,
2015-10-26,,,,,,,,,,,,,,,,
2015-10-23,,,,,,,,,,,,,,,,
2015-10-22,,,,,,,,,,,,,,,,
2015-10-21,,,,,,,,,,,,,,,,
2015-10-20,,,,,,,,,,,,,,,,
2015-10-19,,,,,,,,,,,,,,,,
2015-10-16,,,,,,,,,,,,,,,,
2015-10-15,,,,,,,,,,,,,,,,
2015-10-14,,,,,,,,,,,,,,,,
2015-10-13,,,,,,,,,,,,,,,,
2015-10-12,,,,,,,,,,,,,,,,
2015-10-09,,,,,,,,,,,,,,,,
2015-10-08,,,,,,,,,,,,,,,,
2015-10-07,,,,,,,,,,,,,,,,
2015-10-06,,,,,,,,,,,,,,,,
2015-10-05,,,,,,,,,,,,,,,,
2015-10-02,,,,,,,,,,,,,,,,
2015-10-01,,,,,,,,,,,,,,,,
2015-09-30,,,,,,,,,,,,,,,,
2015-09-29,,,,,,,,,,,,,,,,
2015-09-28,,,,,,,,,,,,,,,,
2015-09-25,,,,,,,,,,,,,,,,
2015-09-24,,,,,,,,,,,,,,,,
2015-09-23,,,,,,,,,,,,,,,,
2015-09-22,,,,,,,,,,,,,,,,
2015-09-21,,,,,,,,,,,,,,,,
2015-09-18,,,,,,,,,,,,,,,,
2015-09-17,,,,,,,,,,,,,,,,
2015-09-16,,,,,,,,,,,,,,,,
2015-09-15,,,,,,,,,,,,,,,,
2015-09-14,,,,,,,,,,,,,,,,
2015-09-11,,,,,,,,,,,,,,,,
2015-09-10,,,,,,,,,,,,,,,,
2015-09-09,,,,,,,,,,,,,,,,
2015-09-08,,,,,,,,,,,,,,,,
2015-09-07,,,,,,,,,,,,,,,,
2015-09-04,,,,,,,,,,,,,,,,
2015-09-03,,,,,,,,,,,,,,,,
2015-09-02,,,,,,,,,,,,,,,,
2015-09-01,,,,,,,,,,,,,,,,
2015-08-31,,,,,,,,,,,,,,,,
2015-08-28,,,,,,,,,,,,,,,,
2015-08-27,,,,,,,,,,,,,,,,
2015-08-26,,,,,,,,,,,,,,,,
2015-08-25,,,,,,,,,,,,,,,,
2015-08-24,,,,,,,,,,,,,,,,
2015-08-21,,,,,,,,,,,,,,,,
2015-08-20,,,,,,,,,,,,,,,,
2015-08-19,,,,,,,,,,,,,,,,
2015-08-18,,,,,,,,,,,,,,,,
2015-08-17,,,,,,,,,,,,,,,,
2015-08-14,,,,,,,,,,,,,,,,
2015-08-13,,,,,,,,,,,,,,,,
2015-08-12,,,,,,,,,,,,,,,,
2015-08-11,,,,,,,,,,,,,,,,
2015-08-10,,,,,,,,,,,,,,,,
2015-08-07,,,,,,,,,,,,,,,,
2015-08-06,,,,,,,,,,,,,,,,
2015-08-05,,,,,,,,,,,,,,,,
2015-08-04,,,,,,,,,,,,,,,,
2015-08-03,,,,,,,,,,,,,,,,
2015-07-31,,,,,,,,,,,,,,,,
2015-07-30,,,,,,,,,,,,,,,,
2015-07-29,,,,,,,,,,,,,,,,
2015-07-28,,,,,,,,,,,,,,,,
2015-07-27,,,,,,,,,,,,,,,,
2015-07-24,,,,,,,,,,,,,,,,
2015-07-23,,,,,,,,,,,,,,,,
2015-07-22,,,,,,,,,,,,,,,,
2015-07-21,,,,,,,,,,,,,,,,
2015-07-20,,,,,,,,,,,,,,,,
2015-07-17,,,,,,,,,,,,,,,,
2015-07-16,,,,,,,,,,,,,,,,
2015-07-15,,,,,,,,,,,,,,,,
2015-07-14,,,,,,,,,,,,,,,,
2015-07-13,,,,,,,,,,,,,,,,
2015-07-10,,,,,,,,,,,,,,,,
2015-07-09,,,,,,,,,,,,,,,,
2015-07-08,,,,,,,,,,,,,,,,
2015-07-07,,,,,,,,,,,,,,,,
2015-07-06,,,,,,,,,,,,,,,,
2015-07-03,,,,,,,,,,,,,,,,
2015-07-02,,,,,,,,,,,,,,,,
2015-07-01,,,,,,,,,,,,,,,,
2015-06-30,,,,,,,,,,,,,,,,
2015-06-29,,,,,,,,,,,,,,,,
2015-06-26,,,,,,,,,,,,,,,,
2015-06-25,,,,,,,,,,,,,,,,
2015-06-24,,,,,,,,,,,,,,,,
2015-06-23,,,,,,,,,,,,,,,,
2015-06-22,,,,,,,,,,,,,,,,
2015-06-19,,,,,,,,,,,,,,,,
2015-06-18,,,,,,,,,,,,,,,,
2015-06-17,,,,,,,,,,,,,,,,
2015-06-16,,,,,,,,,,,,,,,,
2015-06-15,,,,,,,,,,,,,,,,
2015-06-12,,,,,,,,,,,,,,,,
2015-06-11,,,,,,,,,,,,,,,,
2015-06-10,,,,,,,,,,,,,,,,
2015-06-09,,,,,,,,,,,,,,,,
2015-06-08,,,,,,,,,,,,,,,,
2015-06-05,,,,,,,,,,,,,,,,
2015-06-04,,,,,,,,,,,,,,,,
2015-06-03,,,,,,,,,,,,,,,,
2015-06-02,,,,,,,,,,,,,,,,
2015-06-01,,,,,,,,,,,,,,,,
2015-05-29,,,,,,,,,,,,,,,,
2015-05-28,,,,,,,,,,,,,,,,
2015-05-27,,,,,,,,,,,,,,,,
2015-05-26,,,,,,,,,,,,,,,,
2015-05-25,,,,,,,,,,,,,,,,
2015-05-22,,,,,,,,,,,,,,,,
2015-05-21,,,,,,,,,,,,,,,,
2015-05-20,,,,,,,,,,,,,,,,
2015-05-19,,,,,,,,,,,,,,,,
2015-05-18,,,,,,,,,,,,,,,,
2015-05-15,,,,,,,,,,,,,,,,
2015-05-14,,,,,,,,,,,,,,,,
2015-05-13,,,,,,,,,,,,,,,,
2015-05-12,,,,,,,,,,,,,,,,
2015-05-11,,,,,,,,,,,,,,,,
2015-05-08,,,,,,,,,,,,,,,,
2015-05-07,,,,,,,,,,,,,,,,
2015-05-06,,,,,,,,,,,,,,,,
2015-05-05,,,,,,,,,,,,,,,,
2015-05-04,,,,,,,,,,,,,,,,
2015-05-01,,,,,,,,,,,,,,,,
2015-04-30,,,,,,,,,,,,,,,,
2015-04-29,,,,,,,,,,,,,,,,
2015-04-28,,,,,,,,,,,,,,,,
2015-04-27,,,,,,,,,,,,,,,,
2015-04-24,,,,,,,,,,,,,,,,
2015-04-23,,,,,,,,,,,,,,,,
2015-04-22,,,,,,,,,,,,,,,,
2015-04-21,,,,,,,,,,,,,,,,
2015-04-20,,,,,,,,,,,,,,,,
2015-04-17,,,,,,,,,,,,,,,,
2015-04-16,,,,,,,,,,,,,,,,
2015-04-15,,,,,,,,,,,,,,,,
2015-04-14,,,,,,,,,,,,,,,,
2015-04-13,,,,,,,,,,,,,,,,
2015-04-10,,,,,,,,,,,,,,,,
2015-04-09,,,,,,,,,,,,,,,,
2015-04-08,,,,,,,,,,,,,,,,
2015-04-07,,,,,,,,,,,,,,,,
2015-04-06,,,,,,,,,,,,,,,,
2015-04-03,,,,,,,,,,,,,,,,
2015-04-02,,,,,,,,,,,,,,,,
2015-04-01,,,,,,,,,,,,,,,,
2015-03-31,,,,,,,,,,,,,,,,
2015-03-30,,,,,,,,,,,,,,,,
2015-03-27,,,,,,,,,,,,,,,,
2015-03-26,,,,,,,,,,,,,,,,
2015-03-25,,,,,,,,,,,,,,,,
2015-03-24,,,,,,,,,,,,,,,,
2015-03-23,,,,,,,,,,,,,,,,
2015-03-20,,,,,,,,,,,,,,,,
2015-03-19,,,,,,,,,,,,,,,,
2015-03-18,,,,,,,,,,,,,,,,
2015-03-17,,,,,,,,,,,,,,,,
2015-03-16,,,,,,,,,,,,,,,,
2015-03-13,,,,,,,,,,,,,,,,
2015-03-12,,,,,,,,,,,,,,,,
2015-03-11,,,,,,,,,,,,,,,,
2015-03-10,,,,,,,,,,,,,,,,
2015-03-09,,,,,,,,,,,,,,,,
2015-03-06,,,,,,,,,,,,,,,,
2015-03-05,,,,,,,,,,,,,,,,
2015-03-04,,,,,,,,,,,,,,,,
2015-03-03,,,,,,,,,,,,,,,,
2015-03-02,,,,,,,,,,,,,,,,
2015-02-27,,,,,,,,,,,,,,,,
2015-02-26,,,,,,,,,,,,,,,,
2015-02-25,,,,,,,,,,,,,,,,
2015-02-24,,,,,,,,,,,,,,,,
2015-02-23,,,,,,,,,,,,,,,,
2015-02-20,,,,,,,,,,,,,,,,
2015-02-19,,,,,,,,,,,,,,,,
2015-02-18,,,,,,,,,,,,,,,,
2015-02-17,,,,,,,,,,,,,,,,
2015-02-16,,,,,,,,,,,,,,,,
2015-02-13,,,,,,,,,,,,,,,,
2015-02-12,,,,,,,,,,,,,,,,
2015-02-11,,,,,,,,,,,,,,,,
2015-02-10,,,,,,,,,,,,,,,,
2015-02-09,,,,,,,,,,,,,,,,
2015-02-06,,,,,,,,,,,,,,,,
2015-02-05,,,,,,,,,,,,,,,,
2015-02-04,,,,,,,,,,,,,,,,
2015-02-03,,,,,,,,,,,,,,,,
2015-02-02,,,,,,,,,,,,,,,,
2015-01-30,,,,,,,,,,,,,,,,
2015-01-29,,,,,,,,,,,,,,,,
2015-01-28,,,,,,,,,,,,,,,,
2015-01-27,,,,,,,,,,,,,,,,
2015-01-26,,,,,,,,,,,,,,,,
2015-01-23,,,,,,,,,,,,,,,,
2015-01-22,,,,,,,,,,,,,,,,
2015-01-21,,,,,,,,,,,,,,,,
2015-01-20,,,,,,,,,,,,,,,,
2015-01-19,,,,,,,,,,,,,,,,
2015-01-16,,,,,,,,,,,,,,,,
2015-01-15,,,,,,,,,,,,,,,,
2015-01-14,,,,,,,,,,,,,,,,
2015-01-13,,,,,,,,,,,,,,,,
2015-01-12,,,,,,,,,,,,,,,,
2015-01-09,,,,,,,,,,,,,,,,
2015-01-08,,,,,,,,,,,,,,,,
2015-01-07,,,,,,,,,,,,,,,,
2015-01-06,,,,,,,,,,,,,,,,
2015-01-05,,,,,,,,,,,,,,,,
2015-01-02,,,,,,,,,,,,,,,,
2015-01-01,,,,,,,,,,,,,,,,
2014-12-31,,,,,,,,,,,,,,,,
2014-12-30,,,,,,,,,,,,,,,,
2014-12-29,,,,,,,,,,,,,,,,
2014-12-26,,,,,,,,,,,,,,,,
2014-12-25,,,,,,,,,,,,,,,,
2014-12-24,,,,,,,,,,,,,,,,
2014-12-23,,,,,,,,,,,,,,,,
2014-12-22,,,,,,,,,,,,,,,,
2014-12-19,,,,,,,,,,,,,,,,
2014-12-18,,,,,,,,,,,,,,,,
2014-12-17,,,,,,,,,,,,,,,,
2014-12-16,,,,,,,,,,,,,,,,
2014-12-15,,,,,,,,,,,,,,,,
2014-12-12,,,,,,,,,,,,,,,,
2014-12-11,,,,,,,,,,,,,,,,
2014-12-10,,,,,,,,,,,,,,,,
2014-12-09,,,,,,,,,,,,,,,,
2014-12-08,,,,,,,,,,,,,,,,
2014-12-05,,,,,,,,,,,,,,,,
2014-12-04,,,,,,,,,,,,,,,,
2014-12-03,,,,,,,,,,,,,,,,
2014-12-02,,,,,,,,,,,,,,,,
2014-12-01,,,,,,,,,,,,,,,,
2014-11-28,,,,,,,,,,,,,,,,
2014-11-27,,,,,,,,,,,,,,,,
2014-11-26,,,,,,,,,,,,,,,,
2014-11-25,,,,,,,,,,,,,,,,
2014-11-24,,,,,,,,,,,,,,,,
2014-11-21,,,,,,,,,,,,,,,,
2014-11-20,,,,,,,,,,,,,,,,
2014-11-19,,,,,,,,,,,,,,,,
2014-11-18,,,,,,,,,,,,,,,,
2014-11-17,,,,,,,,,,,,,,,,
2014-11-14,,,,,,,,,,,,,,,,
2014-11-13,,,,,,,,,,,,,,,,
2014-11-12,,,,,,,,,,,,,,,,
2014-11-11,,,,,,,,,,,,,,,,
2014-11-10,,,,,,,,,,,,,,,,
2014-11-07,,,,,,,,,,,,,,,,
2014-11-06,,,,,,,,,,,,,,,,
2014-11-05,,,,,,,,,,,,,,,,
2014-11-04,,,,,,,,,,,,,,,,
2014-11-03,,,,,,,,,,,,,,,,
2014-10-31,,,,,,,,,,,,,,,,
2014-10-30,,,,,,,,,,,,,,,,
2014-10-29,,,,,,,,,,,,,,,,
2014-10-28,,,,,,,,,,,,,,,,
2014-10-27,,,,,,,,,,,,,,,,
2014-10-24,,,,,,,,,,,,,,,,
2014-10-23,,,,,,,,,,,,,,,,
2014-10-22,,,,,,,,,,,,,,,,
2014-10-21,,,,,,,,,,,,,,,,
2014-10-20,,,,,,,,,,,,,,,,
2014-10-17,,,,,,,,,,,,,,,,
2014-10-16,,,,,,,,,,,,,,,,
2014-10-15,,,,,,,,,,,,,,,,
2014-10-14,,,,,,,,,,,,,,,,
2014-10-13,,,,,,,,,,,,,,,,
2014-10-10,,,,,,,,,,,,,,,,
2014-10-09,,,,,,,,,,,,,,,,
2014-10-08,,,,,,,,,,,,,,,,
2014-10-07,,,,,,,,,,,,,,,,
2014-10-06,,,,,,,,,,,,,,,,
2014-10-03,,,,,,,,,,,,,,,,
2014-10-02,,,,,,,,,,,,,,,,
2014-10-01,,,,,,,,,,,,,,,,
2014-09-30,,,,,,,,,,,,,,,,
2014-09-29,,,,,,,,,,,,,,,,
2014-09-26,,,,,,,,,,,,,,,,
2014-09-25,,,,,,,,,,,,,,,,
2014-09-24,,,,,,,,,,,,,,,,
2014-09-23,,,,,,,,,,,,,,,,
2014-09-22,,,,,,,,,,,,,,,,
2014-09-19,,,,,,,,,,,,,,,,
2014-09-18,,,,,,,,,,,,,,,,
2014-09-17,,,,,,,,,,,,,,,,
2014-09-16,,,,,,,,,,,,,,,,
2014-09-15,,,,,,,,,,,,,,,,
2014-09-12,,,,,,,,,,,,,,,,
2014-09-11,,,,,,,,,,,,,,,,
2014-09-10,,,,,,,,,,,,,,,,
2014-09-09,,,,,,,,,,,,,,,,
2014-09-08,,,,,,,,,,,,,,,,
2014-09-05,,,,,,,,,,,,,,,,
2014-09-04,,,,,,,,,,,,,,,,
2014-09-03,,,,,,,,,,,,,,,,
2014-09-02,,,,,,,,,,,,,,,,
2014-09-01,,,,,,,,,,,,,,,,
2014-08-29,,,,,,,,,,,,,,,,
2014-08-28,,,,,,,,,,,,,,,,
2014-08-27,,,,,,,,,,,,,,,,
2014-08-26,,,,,,,,,,,,,,,,
2014-08-25,,,,,,,,,,,,,,,,
2014-08-22,,,,,,,,,,,,,,,,
2014-08-21,,,,,,,,,,,,,,,,
2014-08-20,,,,,,,,,,,,,,,,
2014-08-19,,,,,,,,,,,,,,,,
2014-08-18,,,,,,,,,,,,,,,,
2014-08-15,,,,,,,,,,,,,,,,
2014-08-14,,,,,,,,,,,,,,,,
2014-08-13,,,,,,,,,,,,,,,,
2014-08-12,,,,,,,,,,,,,,,,
2014-08-11,,,,,,,,,,,,,,,,
2014-08-08,,,,,,,,,,,,,,,,
2014-08-07,,,,,,,,,,,,,,,,
2014-08-06,,,,,,,,,,,,,,,,
2014-08-05,,,,,,,,,,,,,,,,
2014-08-04,,,,,,,,,,,,,,,,
2014-08-01,,,,,,,,,,,,,,,,
2014-07-31,,,,,,,,,,,,,,,,
2014-07-30,,,,,,,,,,,,,,,,
2014-07-29,,,,,,,,,,,,,,,,
2014-07-28,,,,,,,,,,,,,,,,
2014-07-25,,,,,,,,,,,,,,,,
2014-07-24,,,,,,,,,,,,,,,,
2014-07-23,,,,,,,,,,,,,,,,
2014-07-22,,,,,,,,,,,,,,,,
2014-07-21,,,,,,,,,,,,,,,,
2014-07-18,,,,,,,,,,,,,,,,
2014-07-17,,,,,,,,,,,,,,,,
2014-07-16,,,,,,,,,,,,,,,,
2014-07-15,,,,,,,,,,,,,,,,
2014-07-14,,,,,,,,,,,,,,,,
2014-07-11,,,,,,,,,,,,,,,,
2014-07-10,,,,,,,,,,,,,,,,
2014-07-09,,,,,,,,,,,,,,,,
2014-07-08,,,,,,,,,,,,,,,,
2014-07-07,,,,,,,,,,,,,,,,
2014-07-04,,,,,,,,,,,,,,,,
2014-07-03,,,,,,,,,,,,,,,,
2014-07-02,,,,,,,,,,,,,,,,
2014-07-01,,,,,,,,,,,,,,,,
2014-06-30,,,,,,,,,,,,,,,,
2014-06-27,,,,,,,,,,,,,,,,
2014-06-26,,,,,,,,,,,,,,,,
2014-06-25,,,,,,,,,,,,,,,,
2014-06-24,,,,,,,,,,,,,,,,
2014-06-23,,,,,,,,,,,,,,,,
2014-06-20,,,,,,,,,,,,,,,,
2014-06-19,,,,,,,,,,,,,,,,
2014-06-18,,,,,,,,,,,,,,,,
2014-06-17,,,,,,,,,,,,,,,,
2014-06-16,,,,,,,,,,,,,,,,
2014-06-13,,,,,,,,,,,,,,,,
2014-06-12,,,,,,,,,,,,,,,,
2014-06-11,,,,,,,,,,,,,,,,
2014-06-10,,,,,,,,,,,,,,,,
2014-06-09,,,,,,,,,,,,,,,,
2014-06-06,,,,,,,,,,,,,,,,
2014-06-05,,,,,,,,,,,,,,,,
2014-06-04,,,,,,,,,,,,,,,,
2014-06-03,,,,,,,,,,,,,,,,
2014-06-02,,,,,,,,,,,,,,,,
2014-05-30,,,,,,,,,,,,,,,,
2014-05-29,,,,,,,,,,,,,,,,
2014-05-28,,,,,,,,,,,,,,,,
2014-05-27,,,,,,,,,,,,,,,,
2014-05-26,,,,,,,,,,,,,,,,
2014-05-23,,,,,,,,,,,,,,,,
2014-05-22,,,,,,,,,,,,,,,,
2014-05-21,,,,,,,,,,,,,,,,
2014-05-20,,,,,,,,,,,,,,,,
2014-05-19,,,,,,,,,,,,,,,,
2014-05-16,,,,,,,,,,,,,,,,
2014-05-15,,,,,,,,,,,,,,,,
2014-05-14,,,,,,,,,,,,,,,,
2014-05-13,,,,,,,,,,,,,,,,
2014-05-12,,,,,,,,,,,,,,,,
2014-05-09,,,,,,,,,,,,,,,,
2014-05-08,,,,,,,,,,,,,,,,
2014-05-07,,,,,,,,,,,,,,,,
2014-05-06,,,,,,,,,,,,,,,,
2014-05-05,,,,,,,,,,,,,,,,
2014-05-02,,,,,,,,,,,,,,,,
2014-05-01,,,,,,,,,,,,,,,,
2014-04-30,,,,,,,,,,,,,,,,
2014-04-29,,,,,,,,,,,,,,,,
2014-04-28,,,,,,,,,,,,,,,,
2014-04-25,,,,,,,,,,,,,,,,
2014-04-24,,,,,,,,,,,,,,,,
2014-04-23,,,,,,,,,,,,,,,,
2014-04-22,,,,,,,,,,,,,,,,
2014-04-21,,,,,,,,,,,,,,,,
2014-04-18,,,,,,,,,,,,,,,,
2014-04-17,,,,,,,,,,,,,,,,
2014-04-16,,,,,,,,,,,,,,,,
2014-04-15,,,,,,,,,,,,,,,,
2014-04-14,,,,,,,,,,,,,,,,
2014-04-11,,,,,,,,,,,,,,,,
2014-04-10,,,,,,,,,,,,,,,,
2014-04-09,,,,,,,,,,,,,,,,
2014-04-08,,,,,,,,,,,,,,,,
2014-04-07,,,,,,,,,,,,,,,,
2014-04-04,,,,,,,,,,,,,,,,
2014-04-03,,,,,,,,,,,,,,,,
2014-04-02,,,,,,,,,,,,,,,,
2014-04-01,,,,,,,,,,,,,,,,
2014-03-31,,,,,,,,,,,,,,,,
2014-03-28,,,,,,,,,,,,,,,,
2014-03-27,,,,,,,,,,,,,,,,
2014-03-26,,,,,,,,,,,,,,,,
2014-03-25,,,,,,,,,,,,,,,,
2014-03-24,,,,,,,,,,,,,,,,
2014-03-21,,,,,,,,,,,,,,,,
2014-03-20,,,,,,,,,,,,,,,,
2014-03-19,,,,,,,,,,,,,,,,
2014-03-18,,,,,,,,,,,,,,,,
2014-03-17,,,,,,,,,,,,,,,,
2014-03-14,,,,,,,,,,,,,,,,
2014-03-13,,,,,,,,,,,,,,,,
2014-03-12,,,,,,,,,,,,,,,,
2014-03-11,,,,,,,,,,,,,,,,
2014-03-10,,,,,,,,,,,,,,,,
2014-03-07,,,,,,,,,,,,,,,,
2014-03-06,,,,,,,,,,,,,,,,
2014-03-05,,,,,,,,,,,,,,,,
2014-03-04,,,,,,,,,,,,,,,,
2014-03-03,,,,,,,,,,,,,,,,
2014-02-28,,,,,,,,,,,,,,,,
2014-02-27,,,,,,,,,,,,,,,,
2014-02-26,,,,,,,,,,,,,,,,
2014-02-25,,,,,,,,,,,,,,,,
2014-02-24,,,,,,,,,,,,,,,,
2014-02-21,,,,,,,,,,,,,,,,
2014-02-20,,,,,,,,,,,,,,,,
2014-02-19,,,,,,,,,,,,,,,,
2014-02-18,,,,,,,,,,,,,,,,
2014-02-17,,,,,,,,,,,,,,,,
2014-02-14,,,,,,,,,,,,,,,,
2014-02-13,,,,,,,,,,,,,,,,
2014-02-12,,,,,,,,,,,,,,,,
2014-02-11,,,,,,,,,,,,,,,,
2014-02-10,,,,,,,,,,,,,,,,
2014-02-07,,,,,,,,,,,,,,,,
2014-02-06,,,,,,,,,,,,,,,,
2014-02-05,,,,,,,,,,,,,,,,
2014-02-04,,,,,,,,,,,,,,,,
2014-02-03,,,,,,,,,,,,,,,,
2014-01-31,,,,,,,,,,,,,,,,
2014-01-30,,,,,,,,,,,,,,,,
2014-01-29,,,,,,,,,,,,,,,,
2014-01-28,,,,,,,,,,,,,,,,
2014-01-27,,,,,,,,,,,,,,,,
2014-01-24,,,,,,,,,,,,,,,,
2014-01-23,,,,,,,,,,,,,,,,
2014-01-22,,,,,,,,,,,,,,,,
2014-01-21,,,,,,,,,,,,,,,,
2014-01-20,,,,,,,,,,,,,,,,
2014-01-17,,,,,,,,,,,,,,,,
2014-01-16,,,,,,,,,,,,,,,,
2014-01-15,,,,,,,,,,,,,,,,
2014-01-14,,,,,,,,,,,,,,,,
2014-01-13,,,,,,,,,,,,,,,,
2014-01-10,,,,,,,,,,,,,,,,
2014-01-09,,,,,,,,,,,,,,,,
2014-01-08,,,,,,,,,,,,,,,,
2014-01-07,,,,,,,,,,,,,,,,
2014-01-06,,,,,,,,,,,,,,,,
2014-01-03,,,,,,,,,,,,,,,,
2014-01-02,,,,,,,,,,,,,,,,
2014-01-01,,,,,,,,,,,,,,,,
2013-12-31,,,,,,,,,,,,,,,,
2013-12-30,,,,,,,,,,,,,,,,
2013-12-27,,,,,,,,,,,,,,,,
2013-12-26,,,,,,,,,,,,,,,,
2013-12-25,,,,,,,,,,,,,,,,
2013-12-24,,,,,,,,,,,,,,,,
2013-12-23,,,,,,,,,,,,,,,,
2013-12-20,,,,,,,,,,,,,,,,
2013-12-19,,,,,,,,,,,,,,,,
2013-12-18,,,,,,,,,,,,,,,,
2013-12-17,,,,,,,,,,,,,,,,
2013-12-16,,,,,,,,,,,,,,,,
2013-12-13,,,,,,,,,,,,,,,,
2013-12-12,,,,,,,,,,,,,,,,
2013-12-11,,,,,,,,,,,,,,,,
2013-12-10,,,,,,,,,,,,,,,,
2013-12-09,,,,,,,,,,,,,,,,
2013-12-06,,,,,,,,,,,,,,,,
2013-12-05,,,,,,,,,,,,,,,,
2013-12-04,,,,,,,,,,,,,,,,
2013-12-03,,,,,,,,,,,,,,,,
2013-12-02,,,,,,,,,,,,,,,,
2013-11-29,,,,,,,,,,,,,,,,
2013-11-28,,,,,,,,,,,,,,,,
2013-11-27,,,,,,,,,,,,,,,,
2013-11-26,,,,,,,,,,,,,,,,
2013-11-25,,,,,,,,,,,,,,,,
2013-11-22,,,,,,,,,,,,,,,,
2013-11-21,,,,,,,,,,,,,,,,
2013-11-20,,,,,,,,,,,,,,,,
2013-11-19,,,,,,,,,,,,,,,,
2013-11-18,,,,,,,,,,,,,,,,
2013-11-15,,,,,,,,,,,,,,,,
2013-11-14,,,,,,,,,,,,,,,,
2013-11-13,,,,,,,,,,,,,,,,
2013-11-12,,,,,,,,,,,,,,,,
2013-11-11,,,,,,,,,,,,,,,,
2013-11-08,,,,,,,,,,,,,,,,
2013-11-07,,,,,,,,,,,,,,,,
2013-11-06,,,,,,,,,,,,,,,,
2013-11-05,,,,,,,,,,,,,,,,
2013-11-04,,,,,,,,,,,,,,,,
2013-11-01,,,,,,,,,,,,,,,,
2013-10-31,,,,,,,,,,,,,,,,
2013-10-30,,,,,,,,,,,,,,,,
2013-10-29,,,,,,,,,,,,,,,,
2013-10-28,,,,,,,,,,,,,,,,
2013-10-25,,,,,,,,,,,,,,,,
2013-10-24,,,,,,,,,,,,,,,,
2013-10-23,,,,,,,,,,,,,,,,
2013-10-22,,,,,,,,,,,,,,,,
2013-10-21,,,,,,,,,,,,,,,,
2013-10-18,,,,,,,,,,,,,,,,
2013-10-17,,,,,,,,,,,,,,,,
2013-10-16,,,,,,,,,,,,,,,,
2013-10-15,,,,,,,,,,,,,,,,
2013-10-14,,,,,,,,,,,,,,,,
2013-10-11,,,,,,,,,,,,,,,,
2013-10-10,,,,,,,,,,,,,,,,
2013-10-09,,,,,,,,,,,,,,,,
2013-10-08,,,,,,,,,,,,,,,,
2013-10-07,,,,,,,,,,,,,,,,
2013-10-04,,,,,,,,,,,,,,,,
2013-10-03,,,,,,,,,,,,,,,,
2013-10-02,,,,,,,,,,,,,,,,
2013-10-01,,,,,,,,,,,,,,,,
2013-09-30,,,,,,,,,,,,,,,,
2013-09-27,,,,,,,,,,,,,,,,
2013-09-26,,,,,,,,,,,,,,,,
2013-09-25,,,,,,,,,,,,,,,,
2013-09-24,,,,,,,,,,,,,,,,
2013-09-23,,,,,,,,,,,,,,,,
2013-09-20,,,,,,,,,,,,,,,,
2013-09-19,,,,,,,,,,,,,,,,
2013-09-18,,,,,,,,,,,,,,,,
2013-09-17,,,,,,,,,,,,,,,,
2013-09-16,,,,,,,,,,,,,,,,
2013-09-13,,,,,,,,,,,,,,,,
2013-09-12,,,,,,,,,,,,,,,,
2013-09-11,,,,,,,,,,,,,,,,
2013-09-10,,,,,,,,,,,,,,,,
2013-09-09,,,,,,,,,,,,,,,,
2013-09-06,,,,,,,,,,,,,,,,
2013-09-05,,,,,,,,,,,,,,,,
2013-09-04,,,,,,,,,,,,,,,,
2013-09-03,,,,,,,,,,,,,,,,
2013-09-02,,,,,,,,,,,,,,,,
2013-08-30,,,,,,,,,,,,,,,,
2013-08-29,,,,,,,,,,,,,,,,
2013-08-28,,,,,,,,,,,,,,,,
2013-08-27,,,,,,,,,,,,,,,,
2013-08-26,,,,,,,,,,,,,,,,
2013-08-23,,,,,,,,,,,,,,,,
2013-08-22,,,,,,,,,,,,,,,,
2013-08-21,,,,,,,,,,,,,,,,
2013-08-20,,,,,,,,,,,,,,,,
2013-08-19,,,,,,,,,,,,,,,,
2013-08-16,,,,,,,,,,,,,,,,
2013-08-15,,,,,,,,,,,,,,,,
2013-08-14,,,,,,,,,,,,,,,,
2013-08-13,,,,,,,,,,,,,,,,
2013-08-12,,,,,,,,,,,,,,,,
2013-08-09,,,,,,,,,,,,,,,,
2013-08-08,,,,,,,,,,,,,,,,
2013-08-07,,,,,,,,,,,,,,,,
2013-08-06,,,,,,,,,,,,,,,,
2013-08-05,,,,,,,,,,,,,,,,
2013-08-02,,,,,,,,,,,,,,,,
2013-08-01,,,,,,,,,,,,,,,,
2013-07-31,,,,,,,,,,,,,,,,
2013-07-30,,,,,,,,,,,,,,,,
2013-07-29,,,,,,,,,,,,,,,,
2013-07-26,,,,,,,,,,,,,,,,
2013-07-25,,,,,,,,,,,,,,,,
2013-07-24,,,,,,,,,,,,,,,,
2013-07-23,,,,,,,,,,,,,,,,
2013-07-22,,,,,,,,,,,,,,,,
2013-07-19,,,,,,,,,,,,,,,,
2013-07-18,,,,,,,,,,,,,,,,
2013-07-17,,,,,,,,,,,,,,,,
2013-07-16,,,,,,,,,,,,,,,,
2013-07-15,,,,,,,,,,,,,,,,
2013-07-12,,,,,,,,,,,,,,,,
2013-07-11,,,,,,,,,,,,,,,,
2013-07-10,,,,,,,,,,,,,,,,
2013-07-09,,,,,,,,,,,,,,,,
2013-07-08,,,,,,,,,,,,,,,,
2013-07-05,,,,,,,,,,,,,,,,
2013-07-04,,,,,,,,,,,,,,,,
2013-07-03,,,,,,,,,,,,,,,,
2013-07-02,,,,,,,,,,,,,,,,
2013-07-01,,,,,,,,,,,,,,,,
2013-06-28,,,,,,,,,,,,,,,,
2013-06-27,,,,,,,,,,,,,,,,
2013-06-26,,,,,,,,,,,,,,,,
2013-06-25,,,,,,,,,,,,,,,,
2013-06-24,,,,,,,,,,,,,,,,
2013-06-21,,,,,,,,,,,,,,,,
2013-06-20,,,,,,,,,,,,,,,,
2013-06-19,,,,,,,,,,,,,,,,
2013-06-18,,,,,,,,,,,,,,,,
2013-06-17,,,,,,,,,,,,,,,,
2013-06-14,,,,,,,,,,,,,,,,
2013-06-13,,,,,,,,,,,,,,,,
2013-06-12,,,,,,,,,,,,,,,,
2013-06-11,,,,,,,,,,,,,,,,
2013-06-10,,,,,,,,,,,,,,,,
2013-06-07,,,,,,,,,,,,,,,,
2013-06-06,,,,,,,,,,,,,,,,
2013-06-05,,,,,,,,,,,,,,,,
2013-06-04,,,,,,,,,,,,,,,,
2013-06-03,,,,,,,,,,,,,,,,
2013-05-31,,,,,,,,,,,,,,,,
2013-05-30,,,,,,,,,,,,,,,,
2013-05-29,,,,,,,,,,,,,,,,
2013-05-28,,,,,,,,,,,,,,,,
2013-05-27,,,,,,,,,,,,,,,,
2013-05-24,,,,,,,,,,,,,,,,
2013-05-23,,,,,,,,,,,,,,,,
2013-05-22,,,,,,,,,,,,,,,,
2013-05-21,,,,,,,,,,,,,,,,
2013-05-20,,,,,,,,,,,,,,,,
2013-05-17,,,,,,,,,,,,,,,,
2013-05-16,,,,,,,,,,,,,,,,
2013-05-15,,,,,,,,,,,,,,,,
2013-05-14,,,,,,,,,,,,,,,,
2013-05-13,,,,,,,,,,,,,,,,
2013-05-10,,,,,,,,,,,,,,,,
2013-05-09,,,,,,,,,,,,,,,,
2013-05-08,,,,,,,,,,,,,,,,
2013-05-07,,,,,,,,,,,,,,,,
2013-05-06,,,,,,,,,,,,,,,,
2013-05-03,,,,,,,,,,,,,,,,
2013-05-02,,,,,,,,,,,,,,,,
2013-05-01,,,,,,,,,,,,,,,,
2013-04-30,,,,,,,,,,,,,,,,
2013-04-29,,,,,,,,,,,,,,,,
2013-04-26,,,,,,,,,,,,,,,,
2013-04-25,,,,,,,,,,,,,,,,
2013-04-24,,,,,,,,,,,,,,,,
2013-04-23,,,,,,,,,,,,,,,,
2013-04-22,,,,,,,,,,,,,,,,
2013-04-19,,,,,,,,,,,,,,,,
2013-04-18,,,,,,,,,,,,,,,,
2013-04-17,,,,,,,,,,,,,,,,
2013-04-16,,,,,,,,,,,,,,,,
2013-04-15,,,,,,,,,,,,,,,,
2013-04-12,,,,,,,,,,,,,,,,
2013-04-11,,,,,,,,,,,,,,,,
2013-04-10,,,,,,,,,,,,,,,,
2013-04-09,,,,,,,,,,,,,,,,
2013-04-08,,,,,,,,,,,,,,,,
2013-04-05,,,,,,,,,,,,,,,,
2013-04-04,,,,,,,,,,,,,,,,
2013-04-03,,,,,,,,,,,,,,,,
2013-04-02,,,,,,,,,,,,,,,,
2013-04-01,,,,,,,,,,,,,,,,
2013-03-29,,,,,,,,,,,,,,,,
2013-03-28,,,,,,,,,,,,,,,,
2013-03-27,,,,,,,,,,,,,,,,
2013-03-26,,,,,,,,,,,,,,,,
2013-03-25,,,,,,,,,,,,,,,,
2013-03-22,,,,,,,,,,,,,,,,
2013-03-21,,,,,,,,,,,,,,,,
2013-03-20,,,,,,,,,,,,,,,,
2013-03-19,,,,,,,,,,,,,,,,
2013-03-18,,,,,,,,,,,,,,,,
2013-03-15,,,,,,,,,,,,,,,,
2013-03-14,,,,,,,,,,,,,,,,
2013-03-13,,,,,,,,,,,,,,,,
2013-03-12,,,,,,,,,,,,,,,,
2013-03-11,,,,,,,,,,,,,,,,
2013-03-08,,,,,,,,,,,,,,,,
2013-03-07,,,,,,,,,,,,,,,,
2013-03-06,,,,,,,,,,,,,,,,
2013-03-05,,,,,,,,,,,,,,,,
2013-03-04,,,,,,,,,,,,,,,,
2013-03-01,,,,,,,,,,,,,,,,
2013-02-28,,,,,,,,,,,,,,,,
2013-02-27,,,,,,,,,,,,,,,,
2013-02-26,,,,,,,,,,,,,,,,
2013-02-25,,,,,,,,,,,,,,,,
2013-02-22,,,,,,,,,,,,,,,,
2013-02-21,,,,,,,,,,,,,,,,
2013-02-20,,,,,,,,,,,,,,,,
2013-02-19,,,,,,,,,,,,,,,,
2013-02-18,,,,,,,,,,,,,,,,
2013-02-15,,,,,,,,,,,,,,,,
2013-02-14,,,,,,,,,,,,,,,,
2013-02-13,,,,,,,,,,,,,,,,
2013-02-12,,,,,,,,,,,,,,,,
2013-02-11,,,,,,,,,,,,,,,,
2013-02-08,,,,,,,,,,,,,,,,
2013-02-07,,,,,,,,,,,,,,,,
2013-02-06,,,,,,,,,,,,,,,,
2013-02-05,,,,,,,,,,,,,,,,
2013-02-04,,,,,,,,,,,,,,,,
2013-02-01,,,,,,,,,,,,,,,,
2013-01-31,,,,,,,,,,,,,,,,
2013-01-30,,,,,,,,,,,,,,,,
2013-01-29,,,,,,,,,,,,,,,,
2013-01-28,,,,,,,,,,,,,,,,
2013-01-25,,,,,,,,,,,,,,,,
2013-01-24,,,,,,,,,,,,,,,,
2013-01-23,,,,,,,,,,,,,,,,
2013-01-22,,,,,,,,,,,,,,,,
2013-01-21,,,,,,,,,,,,,,,,
2013-01-18,,,,,,,,,,,,,,,,
2013-01-17,,,,,,,,,,,,,,,,
2013-01-16,,,,,,,,,,,,,,,,
2013-01-15,,,,,,,,,,,,,,,,
2013-01-14,,,,,,,,,,,,,,,,
2013-01-11,,,,,,,,,,,,,,,,
2013-01-10,,,,,,,,,,,,,,,,
2013-01-09,,,,,,,,,,,,,,,,
2013-01-08,,,,,,,,,,,,,,,,
2013-01-07,,,,,,,,,,,,,,,,
2013-01-04,,,,,,,,,,,,,,,,
2013-01-03,,,,,,,,,,,,,,,,
2013-01-02,,,,,,,,,,,,,,,,
2013-01-01,,,,,,,,,,,,,,,,
